orig_org_id,org_id,base_org_id,suffix,org_code,equip_type_id,quantity
UA-MCG1,MCG1.1-UA.ARMY.MIL,MCG1,1-UA.ARMY.MIL,AAA,FCS-C2V,1
UA-MCG1,MCG1.1-UA.ARMY.MIL,MCG1,1-UA.ARMY.MIL,AAA,FCS-ICV,1
UA-MCG2,MCG2.1-UA.ARMY.MIL,MCG2,1-UA.ARMY.MIL,AAB,FCS-C2V,1
UA-MCG2,MCG2.1-UA.ARMY.MIL,MCG2,1-UA.ARMY.MIL,AAB,FCS-ICV,1
UA-TACP,TACP.1-UA.ARMY.MIL,TACP,1-UA.ARMY.MIL,AAC,FCS-C2V,7
UA-TACP,TACP.1-UA.ARMY.MIL,TACP,1-UA.ARMY.MIL,AAC,FCS-ICV,1
UA-TACP,TACP.1-UA.ARMY.MIL,TACP,1-UA.ARMY.MIL,AAC,FTTS-U-C2,4
UA-MED-SPT,MED-SPT.1-UA.ARMY.MIL,MED-SPT,1-UA.ARMY.MIL,AAD,FCS-MV,1
UA-MED-SPT,MED-SPT.1-UA.ARMY.MIL,MED-SPT,1-UA.ARMY.MIL,AAD,FTTS-U-SPT,1
UA-CO-HQ-SECTION,UA-CO-HQ-SECTION.1-UA.ARMY.MIL,UA-CO-HQ-SECTION,1-UA.ARMY.MIL,AAE,FTTS-MS,2
UA-CO-HQ-SECTION,UA-CO-HQ-SECTION.1-UA.ARMY.MIL,UA-CO-HQ-SECTION,1-UA.ARMY.MIL,AAE,FTTS-U-C2,1
UA-CO-HQ-SECTION,UA-CO-HQ-SECTION.1-UA.ARMY.MIL,UA-CO-HQ-SECTION,1-UA.ARMY.MIL,AAE,FTTS-U-SPT,1
UA-BIC-CO-HQ,CO-HQ.BIC.1-UA.ARMY.MIL,CO-HQ,BIC.1-UA.ARMY.MIL,ABA,FCS-C2V,1
UA-BIC-CO-HQ,CO-HQ.BIC.1-UA.ARMY.MIL,CO-HQ,BIC.1-UA.ARMY.MIL,ABA,FTTS-U-SPT,1
UA-BIC-RANGE-EXT-UA-HQ-SQUAD,RANGE-EXT-HQ-SQUAD.BIC.1-UA.ARMY.MIL,RANGE-EXT-HQ-SQUAD,BIC.1-UA.ARMY.MIL,ABBA,FCS-C2V,1
UA-BIC-RANGE-EXT-UA-HQ-SQUAD,RANGE-EXT-HQ-SQUAD.BIC.1-UA.ARMY.MIL,RANGE-EXT-HQ-SQUAD,BIC.1-UA.ARMY.MIL,ABBA,FTTS-U-SPT,1
UA-BIC-RANGE-EXT-FSB-SQUAD,RANGE-EXT-FSB-SQUAD.BIC.1-UA.ARMY.MIL,RANGE-EXT-FSB-SQUAD,BIC.1-UA.ARMY.MIL,ABBB,FCS-MULE,1
UA-BIC-RANGE-EXT-FSB-SQUAD,RANGE-EXT-FSB-SQUAD.BIC.1-UA.ARMY.MIL,RANGE-EXT-FSB-SQUAD,BIC.1-UA.ARMY.MIL,ABBB,FTTS-U-SPT,1
UA-BIC-RANGE-EXT-1-CA-BN-SQUAD,RANGE-EXT-1-CA-BN-SQUAD.BIC.1-UA.ARMY.MIL,RANGE-EXT-1-CA-BN-SQUAD,BIC.1-UA.ARMY.MIL,ABBC,FCS-MULE,1
UA-BIC-RANGE-EXT-1-CA-BN-SQUAD,RANGE-EXT-1-CA-BN-SQUAD.BIC.1-UA.ARMY.MIL,RANGE-EXT-1-CA-BN-SQUAD,BIC.1-UA.ARMY.MIL,ABBC,FTTS-U-SPT,1
UA-BIC-RANGE-EXT-2-CA-BN-SQUAD,RANGE-EXT-2-CA-BN-SQUAD.BIC.1-UA.ARMY.MIL,RANGE-EXT-2-CA-BN-SQUAD,BIC.1-UA.ARMY.MIL,ABBD,FCS-MULE,1
UA-BIC-RANGE-EXT-2-CA-BN-SQUAD,RANGE-EXT-2-CA-BN-SQUAD.BIC.1-UA.ARMY.MIL,RANGE-EXT-2-CA-BN-SQUAD,BIC.1-UA.ARMY.MIL,ABBD,FTTS-U-SPT,1
UA-BIC-RANGE-EXT-3-CA-BN-SQUAD,RANGE-EXT-3-CA-BN-SQUAD.BIC.1-UA.ARMY.MIL,RANGE-EXT-3-CA-BN-SQUAD,BIC.1-UA.ARMY.MIL,ABBE,FCS-MULE,1
UA-BIC-RANGE-EXT-3-CA-BN-SQUAD,RANGE-EXT-3-CA-BN-SQUAD.BIC.1-UA.ARMY.MIL,RANGE-EXT-3-CA-BN-SQUAD,BIC.1-UA.ARMY.MIL,ABBE,FTTS-U-SPT,1
UA-BIC-RANGE-EXT-NLOS-SQUAD,RANGE-EXT-NLOS-SQUAD.BIC.1-UA.ARMY.MIL,RANGE-EXT-NLOS-SQUAD,BIC.1-UA.ARMY.MIL,ABBF,FCS-MULE,1
UA-BIC-RANGE-EXT-NLOS-SQUAD,RANGE-EXT-NLOS-SQUAD.BIC.1-UA.ARMY.MIL,RANGE-EXT-NLOS-SQUAD,BIC.1-UA.ARMY.MIL,ABBF,FTTS-U-SPT,1
UA-BIC-NETOPS-UA-HQ-SQUAD,NETOPS-HQ-SQUAD.BIC.1-UA.ARMY.MIL,NETOPS-HQ-SQUAD,BIC.1-UA.ARMY.MIL,ABCA,FCS-C2V,1
UA-BIC-NETOPS-UA-HQ-SQUAD,NETOPS-HQ-SQUAD.BIC.1-UA.ARMY.MIL,NETOPS-HQ-SQUAD,BIC.1-UA.ARMY.MIL,ABCA,FTTS-U-SPT,1
UA-BIC-NETOPS-FSB-SQUAD,NETOPS-FSB-SQUAD.BIC.1-UA.ARMY.MIL,NETOPS-FSB-SQUAD,BIC.1-UA.ARMY.MIL,ABCB,FTTS-U-SPT,1
UA-BIC-NETOPS-1-CA-BN-SQUAD,NETOPS-1-CA-BN-SQUAD.BIC.1-UA.ARMY.MIL,NETOPS-1-CA-BN-SQUAD,BIC.1-UA.ARMY.MIL,ABCC,FTTS-U-SPT,1
UA-BIC-NETOPS-2-CA-BN-SQUAD,NETOPS-2-CA-BN-SQUAD.BIC.1-UA.ARMY.MIL,NETOPS-2-CA-BN-SQUAD,BIC.1-UA.ARMY.MIL,ABCD,FTTS-U-SPT,1
UA-BIC-NETOPS-3-CA-BN-SQUAD,NETOPS-3-CA-BN-SQUAD.BIC.1-UA.ARMY.MIL,NETOPS-3-CA-BN-SQUAD,BIC.1-UA.ARMY.MIL,ABCE,FTTS-U-SPT,1
UA-BIC-NETOPS-NLOS-SQUAD,NETOPS-NLOS-SQUAD.BIC.1-UA.ARMY.MIL,NETOPS-NLOS-SQUAD,BIC.1-UA.ARMY.MIL,ABCF,FTTS-U-SPT,1
UA-BIC-SIT-AWARE-TEAM,SIT-AWARE-TEAM.BIC.1-UA.ARMY.MIL,SIT-AWARE-TEAM,BIC.1-UA.ARMY.MIL,ABDA,FTTS-U-C2,4
UA-BIC-TGT-DEV-TEAM,TGT-DEV-TEAM.BIC.1-UA.ARMY.MIL,TGT-DEV-TEAM,BIC.1-UA.ARMY.MIL,ABDB,FTTS-U-C2,2
UA-BIC-ISR-INTEG-TEAM,ISR-INTEG-TEAM.BIC.1-UA.ARMY.MIL,ISR-INTEG-TEAM,BIC.1-UA.ARMY.MIL,ABEA,FTTS-U-C2,2
UA-BIC-CP-CTRL-TEAM,CP-CTRL-TEAM.BIC.1-UA.ARMY.MIL,CP-CTRL-TEAM,BIC.1-UA.ARMY.MIL,ABEB,FCS-C2V,2
1-CA-BN-MCG,MCG.1-CABN.1-UA.ARMY.MIL,MCG,1-CABN.1-UA.ARMY.MIL,ACAA,FCS-C2V,1
1-CA-BN-TACP,TACP.1-CABN.1-UA.ARMY.MIL,TACP,1-CABN.1-UA.ARMY.MIL,ACAB,FCS-C2V,3
1-CA-BN-TACP,TACP.1-CABN.1-UA.ARMY.MIL,TACP,1-CABN.1-UA.ARMY.MIL,ACAB,FCS-ICV,1
1-CA-BN-TACP,TACP.1-CABN.1-UA.ARMY.MIL,TACP,1-CABN.1-UA.ARMY.MIL,ACAB,FTTS-U-C2,2
1-CA-BN-MED-PLT-HQ,MED-PLT-HQ.1-CABN.1-UA.ARMY.MIL,MED-PLT-HQ,1-CABN.1-UA.ARMY.MIL,ACACA,FCS-C2V,1
1-CA-BN-MED-PLT-TREATMENT-SQUAD,MED-PLT-TREATMENT-SQUAD.1-CABN.1-UA.ARMY.MIL,MED-PLT-TREATMENT-SQUAD,1-CABN.1-UA.ARMY.MIL,ACACB,FCS-MV,2
1-CA-BN-MED-PLT-EVAC-SECTION,MED-PLT-EVAC-SECTION.1-CABN.1-UA.ARMY.MIL,MED-PLT-EVAC-SECTION,1-CABN.1-UA.ARMY.MIL,ACACC,FCS-MV,5
1-CA-BN-SUPPORT-SECTION,SUPPORT-SECTION.1-CABN.1-UA.ARMY.MIL,SUPPORT-SECTION,1-CABN.1-UA.ARMY.MIL,ACAD,FCS-ARV-A,6
1-CA-BN-SUPPORT-SECTION,SUPPORT-SECTION.1-CABN.1-UA.ARMY.MIL,SUPPORT-SECTION,1-CABN.1-UA.ARMY.MIL,ACAD,FCS-MULE,18
1-CA-BN-SUPPORT-SECTION,SUPPORT-SECTION.1-CABN.1-UA.ARMY.MIL,SUPPORT-SECTION,1-CABN.1-UA.ARMY.MIL,ACAD,FTTS-MS,8
1-CA-BN-CO-HQ-SECTION,CO-HQ-SECTION.1-CABN.1-UA.ARMY.MIL,CO-HQ-SECTION,1-CABN.1-UA.ARMY.MIL,ACAE,FTTS-U-SPT,2
1-CA-BN-INF-CO-A-HQ,CO-HQ.INFCO-A.1-CABN.1-UA.ARMY.MIL,CO-HQ,INFCO-A.1-CABN.1-UA.ARMY.MIL,ACBA,FCS-C2V,2
1-CA-BN-INF-CO-A-HQ,CO-HQ.INFCO-A.1-CABN.1-UA.ARMY.MIL,CO-HQ,INFCO-A.1-CABN.1-UA.ARMY.MIL,ACBA,FTTS-U-C2,1
1-CA-BN-INF-CO-A-HQ,CO-HQ.INFCO-A.1-CABN.1-UA.ARMY.MIL,CO-HQ,INFCO-A.1-CABN.1-UA.ARMY.MIL,ACBA,UAV-CL-II,3
1-CA-BN-INF-CO-A-1-PLT-HQ,1-PLT-HQ.INFCO-A.1-CABN.1-UA.ARMY.MIL,1-PLT-HQ,INFCO-A.1-CABN.1-UA.ARMY.MIL,ACBBA,FCS-ARV-A,1
1-CA-BN-INF-CO-A-1-PLT-HQ,1-PLT-HQ.INFCO-A.1-CABN.1-UA.ARMY.MIL,1-PLT-HQ,INFCO-A.1-CABN.1-UA.ARMY.MIL,ACBBA,FCS-C2V,1
1-CA-BN-INF-CO-A-1-PLT-HQ,1-PLT-HQ.INFCO-A.1-CABN.1-UA.ARMY.MIL,1-PLT-HQ,INFCO-A.1-CABN.1-UA.ARMY.MIL,ACBBA,UAV-CL-I,1
1-CA-BN-INF-CO-A-1-PLT-1-INF-SQUAD,1-PLT-1-INF-SQUAD.INFCO-A.1-CABN.1-UA.ARMY.MIL,1-PLT-1-INF-SQUAD,INFCO-A.1-CABN.1-UA.ARMY.MIL,ACBBB,FCS-ICV,1
1-CA-BN-INF-CO-A-1-PLT-1-INF-SQUAD,1-PLT-1-INF-SQUAD.INFCO-A.1-CABN.1-UA.ARMY.MIL,1-PLT-1-INF-SQUAD,INFCO-A.1-CABN.1-UA.ARMY.MIL,ACBBB,FCS-SUGV,1
1-CA-BN-INF-CO-A-1-PLT-2-INF-SQUAD,1-PLT-2-INF-SQUAD.INFCO-A.1-CABN.1-UA.ARMY.MIL,1-PLT-2-INF-SQUAD,INFCO-A.1-CABN.1-UA.ARMY.MIL,ACBBC,FCS-ICV,1
1-CA-BN-INF-CO-A-1-PLT-2-INF-SQUAD,1-PLT-2-INF-SQUAD.INFCO-A.1-CABN.1-UA.ARMY.MIL,1-PLT-2-INF-SQUAD,INFCO-A.1-CABN.1-UA.ARMY.MIL,ACBBC,FCS-SUGV,1
1-CA-BN-INF-CO-A-1-PLT-3-INF-SQUAD,1-PLT-3-INF-SQUAD.INFCO-A.1-CABN.1-UA.ARMY.MIL,1-PLT-3-INF-SQUAD,INFCO-A.1-CABN.1-UA.ARMY.MIL,ACBBD,FCS-ICV,1
1-CA-BN-INF-CO-A-1-PLT-3-INF-SQUAD,1-PLT-3-INF-SQUAD.INFCO-A.1-CABN.1-UA.ARMY.MIL,1-PLT-3-INF-SQUAD,INFCO-A.1-CABN.1-UA.ARMY.MIL,ACBBD,FCS-SUGV,1
1-CA-BN-INF-CO-A-1-PLT-WPN-SQUAD,1-PLT-WPN-SQUAD.INFCO-A.1-CABN.1-UA.ARMY.MIL,1-PLT-WPN-SQUAD,INFCO-A.1-CABN.1-UA.ARMY.MIL,ACBBE,FCS-ICV,1
1-CA-BN-INF-CO-A-1-PLT-WPN-SQUAD,1-PLT-WPN-SQUAD.INFCO-A.1-CABN.1-UA.ARMY.MIL,1-PLT-WPN-SQUAD,INFCO-A.1-CABN.1-UA.ARMY.MIL,ACBBE,FCS-SUGV,1
1-CA-BN-INF-CO-A-2-PLT-HQ,2-PLT-HQ.INFCO-A.1-CABN.1-UA.ARMY.MIL,2-PLT-HQ,INFCO-A.1-CABN.1-UA.ARMY.MIL,ACBCA,FCS-ARV-A,1
1-CA-BN-INF-CO-A-2-PLT-HQ,2-PLT-HQ.INFCO-A.1-CABN.1-UA.ARMY.MIL,2-PLT-HQ,INFCO-A.1-CABN.1-UA.ARMY.MIL,ACBCA,FCS-C2V,1
1-CA-BN-INF-CO-A-2-PLT-HQ,2-PLT-HQ.INFCO-A.1-CABN.1-UA.ARMY.MIL,2-PLT-HQ,INFCO-A.1-CABN.1-UA.ARMY.MIL,ACBCA,UAV-CL-I,1
1-CA-BN-INF-CO-A-2-PLT-1-INF-SQUAD,2-PLT-1-INF-SQUAD.INFCO-A.1-CABN.1-UA.ARMY.MIL,2-PLT-1-INF-SQUAD,INFCO-A.1-CABN.1-UA.ARMY.MIL,ACBCB,FCS-ICV,1
1-CA-BN-INF-CO-A-2-PLT-1-INF-SQUAD,2-PLT-1-INF-SQUAD.INFCO-A.1-CABN.1-UA.ARMY.MIL,2-PLT-1-INF-SQUAD,INFCO-A.1-CABN.1-UA.ARMY.MIL,ACBCB,FCS-SUGV,1
1-CA-BN-INF-CO-A-2-PLT-2-INF-SQUAD,2-PLT-2-INF-SQUAD.INFCO-A.1-CABN.1-UA.ARMY.MIL,2-PLT-2-INF-SQUAD,INFCO-A.1-CABN.1-UA.ARMY.MIL,ACBCC,FCS-ICV,1
1-CA-BN-INF-CO-A-2-PLT-2-INF-SQUAD,2-PLT-2-INF-SQUAD.INFCO-A.1-CABN.1-UA.ARMY.MIL,2-PLT-2-INF-SQUAD,INFCO-A.1-CABN.1-UA.ARMY.MIL,ACBCC,FCS-SUGV,1
1-CA-BN-INF-CO-A-2-PLT-3-INF-SQUAD,2-PLT-3-INF-SQUAD.INFCO-A.1-CABN.1-UA.ARMY.MIL,2-PLT-3-INF-SQUAD,INFCO-A.1-CABN.1-UA.ARMY.MIL,ACBCD,FCS-ICV,1
1-CA-BN-INF-CO-A-2-PLT-3-INF-SQUAD,2-PLT-3-INF-SQUAD.INFCO-A.1-CABN.1-UA.ARMY.MIL,2-PLT-3-INF-SQUAD,INFCO-A.1-CABN.1-UA.ARMY.MIL,ACBCD,FCS-SUGV,1
1-CA-BN-INF-CO-A-2-PLT-WPN-SQUAD,2-PLT-WPN-SQUAD.INFCO-A.1-CABN.1-UA.ARMY.MIL,2-PLT-WPN-SQUAD,INFCO-A.1-CABN.1-UA.ARMY.MIL,ACBCE,FCS-ICV,1
1-CA-BN-INF-CO-A-2-PLT-WPN-SQUAD,2-PLT-WPN-SQUAD.INFCO-A.1-CABN.1-UA.ARMY.MIL,2-PLT-WPN-SQUAD,INFCO-A.1-CABN.1-UA.ARMY.MIL,ACBCE,FCS-SUGV,1
1-CA-BN-INF-CO-A-3-PLT-HQ,3-PLT-HQ.INFCO-A.1-CABN.1-UA.ARMY.MIL,3-PLT-HQ,INFCO-A.1-CABN.1-UA.ARMY.MIL,ACBDA,FCS-ARV-A,1
1-CA-BN-INF-CO-A-3-PLT-HQ,3-PLT-HQ.INFCO-A.1-CABN.1-UA.ARMY.MIL,3-PLT-HQ,INFCO-A.1-CABN.1-UA.ARMY.MIL,ACBDA,FCS-C2V,1
1-CA-BN-INF-CO-A-3-PLT-HQ,3-PLT-HQ.INFCO-A.1-CABN.1-UA.ARMY.MIL,3-PLT-HQ,INFCO-A.1-CABN.1-UA.ARMY.MIL,ACBDA,UAV-CL-I,1
1-CA-BN-INF-CO-A-3-PLT-1-INF-SQUAD,3-PLT-1-INF-SQUAD.INFCO-A.1-CABN.1-UA.ARMY.MIL,3-PLT-1-INF-SQUAD,INFCO-A.1-CABN.1-UA.ARMY.MIL,ACBDB,FCS-ICV,1
1-CA-BN-INF-CO-A-3-PLT-1-INF-SQUAD,3-PLT-1-INF-SQUAD.INFCO-A.1-CABN.1-UA.ARMY.MIL,3-PLT-1-INF-SQUAD,INFCO-A.1-CABN.1-UA.ARMY.MIL,ACBDB,FCS-SUGV,1
1-CA-BN-INF-CO-A-3-PLT-2-INF-SQUAD,3-PLT-2-INF-SQUAD.INFCO-A.1-CABN.1-UA.ARMY.MIL,3-PLT-2-INF-SQUAD,INFCO-A.1-CABN.1-UA.ARMY.MIL,ACBDC,FCS-ICV,1
1-CA-BN-INF-CO-A-3-PLT-2-INF-SQUAD,3-PLT-2-INF-SQUAD.INFCO-A.1-CABN.1-UA.ARMY.MIL,3-PLT-2-INF-SQUAD,INFCO-A.1-CABN.1-UA.ARMY.MIL,ACBDC,FCS-SUGV,1
1-CA-BN-INF-CO-A-3-PLT-3-INF-SQUAD,3-PLT-3-INF-SQUAD.INFCO-A.1-CABN.1-UA.ARMY.MIL,3-PLT-3-INF-SQUAD,INFCO-A.1-CABN.1-UA.ARMY.MIL,ACBDD,FCS-ICV,1
1-CA-BN-INF-CO-A-3-PLT-3-INF-SQUAD,3-PLT-3-INF-SQUAD.INFCO-A.1-CABN.1-UA.ARMY.MIL,3-PLT-3-INF-SQUAD,INFCO-A.1-CABN.1-UA.ARMY.MIL,ACBDD,FCS-SUGV,1
1-CA-BN-INF-CO-A-3-PLT-WPN-SQUAD,3-PLT-WPN-SQUAD.INFCO-A.1-CABN.1-UA.ARMY.MIL,3-PLT-WPN-SQUAD,INFCO-A.1-CABN.1-UA.ARMY.MIL,ACBDE,FCS-ICV,1
1-CA-BN-INF-CO-A-3-PLT-WPN-SQUAD,3-PLT-WPN-SQUAD.INFCO-A.1-CABN.1-UA.ARMY.MIL,3-PLT-WPN-SQUAD,INFCO-A.1-CABN.1-UA.ARMY.MIL,ACBDE,FCS-SUGV,1
1-CA-BN-INF-CO-B-HQ,CO-HQ.INFCO-B.1-CABN.1-UA.ARMY.MIL,CO-HQ,INFCO-B.1-CABN.1-UA.ARMY.MIL,ACCA,FCS-C2V,2
1-CA-BN-INF-CO-B-HQ,CO-HQ.INFCO-B.1-CABN.1-UA.ARMY.MIL,CO-HQ,INFCO-B.1-CABN.1-UA.ARMY.MIL,ACCA,FTTS-U-C2,1
1-CA-BN-INF-CO-B-HQ,CO-HQ.INFCO-B.1-CABN.1-UA.ARMY.MIL,CO-HQ,INFCO-B.1-CABN.1-UA.ARMY.MIL,ACCA,UAV-CL-II,3
1-CA-BN-INF-CO-B-1-PLT-HQ,1-PLT-HQ.INFCO-B.1-CABN.1-UA.ARMY.MIL,1-PLT-HQ,INFCO-B.1-CABN.1-UA.ARMY.MIL,ACCBA,FCS-ARV-A,1
1-CA-BN-INF-CO-B-1-PLT-HQ,1-PLT-HQ.INFCO-B.1-CABN.1-UA.ARMY.MIL,1-PLT-HQ,INFCO-B.1-CABN.1-UA.ARMY.MIL,ACCBA,FCS-C2V,1
1-CA-BN-INF-CO-B-1-PLT-HQ,1-PLT-HQ.INFCO-B.1-CABN.1-UA.ARMY.MIL,1-PLT-HQ,INFCO-B.1-CABN.1-UA.ARMY.MIL,ACCBA,UAV-CL-I,1
1-CA-BN-INF-CO-B-1-PLT-1-INF-SQUAD,1-PLT-1-INF-SQUAD.INFCO-B.1-CABN.1-UA.ARMY.MIL,1-PLT-1-INF-SQUAD,INFCO-B.1-CABN.1-UA.ARMY.MIL,ACCBB,FCS-ICV,1
1-CA-BN-INF-CO-B-1-PLT-1-INF-SQUAD,1-PLT-1-INF-SQUAD.INFCO-B.1-CABN.1-UA.ARMY.MIL,1-PLT-1-INF-SQUAD,INFCO-B.1-CABN.1-UA.ARMY.MIL,ACCBB,FCS-SUGV,1
1-CA-BN-INF-CO-B-1-PLT-2-INF-SQUAD,1-PLT-2-INF-SQUAD.INFCO-B.1-CABN.1-UA.ARMY.MIL,1-PLT-2-INF-SQUAD,INFCO-B.1-CABN.1-UA.ARMY.MIL,ACCBC,FCS-ICV,1
1-CA-BN-INF-CO-B-1-PLT-2-INF-SQUAD,1-PLT-2-INF-SQUAD.INFCO-B.1-CABN.1-UA.ARMY.MIL,1-PLT-2-INF-SQUAD,INFCO-B.1-CABN.1-UA.ARMY.MIL,ACCBC,FCS-SUGV,1
1-CA-BN-INF-CO-B-1-PLT-3-INF-SQUAD,1-PLT-3-INF-SQUAD.INFCO-B.1-CABN.1-UA.ARMY.MIL,1-PLT-3-INF-SQUAD,INFCO-B.1-CABN.1-UA.ARMY.MIL,ACCBD,FCS-ICV,1
1-CA-BN-INF-CO-B-1-PLT-3-INF-SQUAD,1-PLT-3-INF-SQUAD.INFCO-B.1-CABN.1-UA.ARMY.MIL,1-PLT-3-INF-SQUAD,INFCO-B.1-CABN.1-UA.ARMY.MIL,ACCBD,FCS-SUGV,1
1-CA-BN-INF-CO-B-1-PLT-WPN-SQUAD,1-PLT-WPN-SQUAD.INFCO-B.1-CABN.1-UA.ARMY.MIL,1-PLT-WPN-SQUAD,INFCO-B.1-CABN.1-UA.ARMY.MIL,ACCBE,FCS-ICV,1
1-CA-BN-INF-CO-B-1-PLT-WPN-SQUAD,1-PLT-WPN-SQUAD.INFCO-B.1-CABN.1-UA.ARMY.MIL,1-PLT-WPN-SQUAD,INFCO-B.1-CABN.1-UA.ARMY.MIL,ACCBE,FCS-SUGV,1
1-CA-BN-INF-CO-B-2-PLT-HQ,2-PLT-HQ.INFCO-B.1-CABN.1-UA.ARMY.MIL,2-PLT-HQ,INFCO-B.1-CABN.1-UA.ARMY.MIL,ACCCA,FCS-ARV-A,1
1-CA-BN-INF-CO-B-2-PLT-HQ,2-PLT-HQ.INFCO-B.1-CABN.1-UA.ARMY.MIL,2-PLT-HQ,INFCO-B.1-CABN.1-UA.ARMY.MIL,ACCCA,FCS-C2V,1
1-CA-BN-INF-CO-B-2-PLT-HQ,2-PLT-HQ.INFCO-B.1-CABN.1-UA.ARMY.MIL,2-PLT-HQ,INFCO-B.1-CABN.1-UA.ARMY.MIL,ACCCA,UAV-CL-I,1
1-CA-BN-INF-CO-B-2-PLT-1-INF-SQUAD,2-PLT-1-INF-SQUAD.INFCO-B.1-CABN.1-UA.ARMY.MIL,2-PLT-1-INF-SQUAD,INFCO-B.1-CABN.1-UA.ARMY.MIL,ACCCB,FCS-ICV,1
1-CA-BN-INF-CO-B-2-PLT-1-INF-SQUAD,2-PLT-1-INF-SQUAD.INFCO-B.1-CABN.1-UA.ARMY.MIL,2-PLT-1-INF-SQUAD,INFCO-B.1-CABN.1-UA.ARMY.MIL,ACCCB,FCS-SUGV,1
1-CA-BN-INF-CO-B-2-PLT-2-INF-SQUAD,2-PLT-2-INF-SQUAD.INFCO-B.1-CABN.1-UA.ARMY.MIL,2-PLT-2-INF-SQUAD,INFCO-B.1-CABN.1-UA.ARMY.MIL,ACCCC,FCS-ICV,1
1-CA-BN-INF-CO-B-2-PLT-2-INF-SQUAD,2-PLT-2-INF-SQUAD.INFCO-B.1-CABN.1-UA.ARMY.MIL,2-PLT-2-INF-SQUAD,INFCO-B.1-CABN.1-UA.ARMY.MIL,ACCCC,FCS-SUGV,1
1-CA-BN-INF-CO-B-2-PLT-3-INF-SQUAD,2-PLT-3-INF-SQUAD.INFCO-B.1-CABN.1-UA.ARMY.MIL,2-PLT-3-INF-SQUAD,INFCO-B.1-CABN.1-UA.ARMY.MIL,ACCCD,FCS-ICV,1
1-CA-BN-INF-CO-B-2-PLT-3-INF-SQUAD,2-PLT-3-INF-SQUAD.INFCO-B.1-CABN.1-UA.ARMY.MIL,2-PLT-3-INF-SQUAD,INFCO-B.1-CABN.1-UA.ARMY.MIL,ACCCD,FCS-SUGV,1
1-CA-BN-INF-CO-B-2-PLT-WPN-SQUAD,2-PLT-WPN-SQUAD.INFCO-B.1-CABN.1-UA.ARMY.MIL,2-PLT-WPN-SQUAD,INFCO-B.1-CABN.1-UA.ARMY.MIL,ACCCE,FCS-ICV,1
1-CA-BN-INF-CO-B-2-PLT-WPN-SQUAD,2-PLT-WPN-SQUAD.INFCO-B.1-CABN.1-UA.ARMY.MIL,2-PLT-WPN-SQUAD,INFCO-B.1-CABN.1-UA.ARMY.MIL,ACCCE,FCS-SUGV,1
1-CA-BN-INF-CO-B-3-PLT-HQ,3-PLT-HQ.INFCO-B.1-CABN.1-UA.ARMY.MIL,3-PLT-HQ,INFCO-B.1-CABN.1-UA.ARMY.MIL,ACCDA,FCS-ARV-A,1
1-CA-BN-INF-CO-B-3-PLT-HQ,3-PLT-HQ.INFCO-B.1-CABN.1-UA.ARMY.MIL,3-PLT-HQ,INFCO-B.1-CABN.1-UA.ARMY.MIL,ACCDA,FCS-C2V,1
1-CA-BN-INF-CO-B-3-PLT-HQ,3-PLT-HQ.INFCO-B.1-CABN.1-UA.ARMY.MIL,3-PLT-HQ,INFCO-B.1-CABN.1-UA.ARMY.MIL,ACCDA,UAV-CL-I,1
1-CA-BN-INF-CO-B-3-PLT-1-INF-SQUAD,3-PLT-1-INF-SQUAD.INFCO-B.1-CABN.1-UA.ARMY.MIL,3-PLT-1-INF-SQUAD,INFCO-B.1-CABN.1-UA.ARMY.MIL,ACCDB,FCS-ICV,1
1-CA-BN-INF-CO-B-3-PLT-1-INF-SQUAD,3-PLT-1-INF-SQUAD.INFCO-B.1-CABN.1-UA.ARMY.MIL,3-PLT-1-INF-SQUAD,INFCO-B.1-CABN.1-UA.ARMY.MIL,ACCDB,FCS-SUGV,1
1-CA-BN-INF-CO-B-3-PLT-2-INF-SQUAD,3-PLT-2-INF-SQUAD.INFCO-B.1-CABN.1-UA.ARMY.MIL,3-PLT-2-INF-SQUAD,INFCO-B.1-CABN.1-UA.ARMY.MIL,ACCDC,FCS-ICV,1
1-CA-BN-INF-CO-B-3-PLT-2-INF-SQUAD,3-PLT-2-INF-SQUAD.INFCO-B.1-CABN.1-UA.ARMY.MIL,3-PLT-2-INF-SQUAD,INFCO-B.1-CABN.1-UA.ARMY.MIL,ACCDC,FCS-SUGV,1
1-CA-BN-INF-CO-B-3-PLT-3-INF-SQUAD,3-PLT-3-INF-SQUAD.INFCO-B.1-CABN.1-UA.ARMY.MIL,3-PLT-3-INF-SQUAD,INFCO-B.1-CABN.1-UA.ARMY.MIL,ACCDD,FCS-ICV,1
1-CA-BN-INF-CO-B-3-PLT-3-INF-SQUAD,3-PLT-3-INF-SQUAD.INFCO-B.1-CABN.1-UA.ARMY.MIL,3-PLT-3-INF-SQUAD,INFCO-B.1-CABN.1-UA.ARMY.MIL,ACCDD,FCS-SUGV,1
1-CA-BN-INF-CO-B-3-PLT-WPN-SQUAD,3-PLT-WPN-SQUAD.INFCO-B.1-CABN.1-UA.ARMY.MIL,3-PLT-WPN-SQUAD,INFCO-B.1-CABN.1-UA.ARMY.MIL,ACCDE,FCS-ICV,1
1-CA-BN-INF-CO-B-3-PLT-WPN-SQUAD,3-PLT-WPN-SQUAD.INFCO-B.1-CABN.1-UA.ARMY.MIL,3-PLT-WPN-SQUAD,INFCO-B.1-CABN.1-UA.ARMY.MIL,ACCDE,FCS-SUGV,1
1-CA-BN-MCS-CO-A-HQ,CO-HQ.MCSCO-A.1-CABN.1-UA.ARMY.MIL,CO-HQ,MCSCO-A.1-CABN.1-UA.ARMY.MIL,ACDA,FCS-C2V,2
1-CA-BN-MCS-CO-A-HQ,CO-HQ.MCSCO-A.1-CABN.1-UA.ARMY.MIL,CO-HQ,MCSCO-A.1-CABN.1-UA.ARMY.MIL,ACDA,FTTS-U-C2,1
1-CA-BN-MCS-CO-A-HQ,CO-HQ.MCSCO-A.1-CABN.1-UA.ARMY.MIL,CO-HQ,MCSCO-A.1-CABN.1-UA.ARMY.MIL,ACDA,UAV-CL-II,3
1-CA-BN-MCS-CO-A-1-PLT,1-PLT.MCSCO-A.1-CABN.1-UA.ARMY.MIL,1-PLT,MCSCO-A.1-CABN.1-UA.ARMY.MIL,ACDB,FCS-ARV-R,1
1-CA-BN-MCS-CO-A-1-PLT,1-PLT.MCSCO-A.1-CABN.1-UA.ARMY.MIL,1-PLT,MCSCO-A.1-CABN.1-UA.ARMY.MIL,ACDB,FCS-MCS,3
1-CA-BN-MCS-CO-A-2-PLT,2-PLT.MCSCO-A.1-CABN.1-UA.ARMY.MIL,2-PLT,MCSCO-A.1-CABN.1-UA.ARMY.MIL,ACDC,FCS-ARV-R,1
1-CA-BN-MCS-CO-A-2-PLT,2-PLT.MCSCO-A.1-CABN.1-UA.ARMY.MIL,2-PLT,MCSCO-A.1-CABN.1-UA.ARMY.MIL,ACDC,FCS-MCS,3
1-CA-BN-MCS-CO-A-3-PLT,3-PLT.MCSCO-A.1-CABN.1-UA.ARMY.MIL,3-PLT,MCSCO-A.1-CABN.1-UA.ARMY.MIL,ACDD,FCS-ARV-R,1
1-CA-BN-MCS-CO-A-3-PLT,3-PLT.MCSCO-A.1-CABN.1-UA.ARMY.MIL,3-PLT,MCSCO-A.1-CABN.1-UA.ARMY.MIL,ACDD,FCS-MCS,3
1-CA-BN-MCS-CO-B-HQ,CO-HQ.MCSCO-B.1-CABN.1-UA.ARMY.MIL,CO-HQ,MCSCO-B.1-CABN.1-UA.ARMY.MIL,ACEA,FCS-C2V,2
1-CA-BN-MCS-CO-B-HQ,CO-HQ.MCSCO-B.1-CABN.1-UA.ARMY.MIL,CO-HQ,MCSCO-B.1-CABN.1-UA.ARMY.MIL,ACEA,FTTS-U-C2,1
1-CA-BN-MCS-CO-B-HQ,CO-HQ.MCSCO-B.1-CABN.1-UA.ARMY.MIL,CO-HQ,MCSCO-B.1-CABN.1-UA.ARMY.MIL,ACEA,UAV-CL-II,3
1-CA-BN-MCS-CO-B-1-PLT,1-PLT.MCSCO-B.1-CABN.1-UA.ARMY.MIL,1-PLT,MCSCO-B.1-CABN.1-UA.ARMY.MIL,ACEB,FCS-ARV-R,1
1-CA-BN-MCS-CO-B-1-PLT,1-PLT.MCSCO-B.1-CABN.1-UA.ARMY.MIL,1-PLT,MCSCO-B.1-CABN.1-UA.ARMY.MIL,ACEB,FCS-MCS,3
1-CA-BN-MCS-CO-B-2-PLT,2-PLT.MCSCO-B.1-CABN.1-UA.ARMY.MIL,2-PLT,MCSCO-B.1-CABN.1-UA.ARMY.MIL,ACEC,FCS-ARV-R,1
1-CA-BN-MCS-CO-B-2-PLT,2-PLT.MCSCO-B.1-CABN.1-UA.ARMY.MIL,2-PLT,MCSCO-B.1-CABN.1-UA.ARMY.MIL,ACEC,FCS-MCS,3
1-CA-BN-MCS-CO-B-3-PLT,3-PLT.MCSCO-B.1-CABN.1-UA.ARMY.MIL,3-PLT,MCSCO-B.1-CABN.1-UA.ARMY.MIL,ACED,FCS-ARV-R,1
1-CA-BN-MCS-CO-B-3-PLT,3-PLT.MCSCO-B.1-CABN.1-UA.ARMY.MIL,3-PLT,MCSCO-B.1-CABN.1-UA.ARMY.MIL,ACED,FCS-MCS,3
1-CA-BN-RECON-DET-HQ,DET-HQ.RECON-DET.1-CABN.1-UA.ARMY.MIL,DET-HQ,RECON-DET.1-CABN.1-UA.ARMY.MIL,ACFA,FCS-C2V,1
1-CA-BN-RECON-DET-HQ,DET-HQ.RECON-DET.1-CABN.1-UA.ARMY.MIL,DET-HQ,RECON-DET.1-CABN.1-UA.ARMY.MIL,ACFA,FTTS-MS,3
1-CA-BN-RECON-DET-HQ,DET-HQ.RECON-DET.1-CABN.1-UA.ARMY.MIL,DET-HQ,RECON-DET.1-CABN.1-UA.ARMY.MIL,ACFA,FTTS-U-SPT,1
1-CA-BN-RECON-DET-HQ,DET-HQ.RECON-DET.1-CABN.1-UA.ARMY.MIL,DET-HQ,RECON-DET.1-CABN.1-UA.ARMY.MIL,ACFA,UAV-CL-III-LCU,3
1-CA-BN-RECON-DET-1-PLT,1-PLT.RECON-DET.1-CABN.1-UA.ARMY.MIL,1-PLT,RECON-DET.1-CABN.1-UA.ARMY.MIL,ACFB,FCS-ARV-R,1
1-CA-BN-RECON-DET-1-PLT,1-PLT.RECON-DET.1-CABN.1-UA.ARMY.MIL,1-PLT,RECON-DET.1-CABN.1-UA.ARMY.MIL,ACFB,FCS-RS-V,3
1-CA-BN-RECON-DET-1-PLT,1-PLT.RECON-DET.1-CABN.1-UA.ARMY.MIL,1-PLT,RECON-DET.1-CABN.1-UA.ARMY.MIL,ACFB,FCS-SUGV,3
1-CA-BN-RECON-DET-1-PLT,1-PLT.RECON-DET.1-CABN.1-UA.ARMY.MIL,1-PLT,RECON-DET.1-CABN.1-UA.ARMY.MIL,ACFB,UAV-CL-I,3
1-CA-BN-RECON-DET-2-PLT,2-PLT.RECON-DET.1-CABN.1-UA.ARMY.MIL,2-PLT,RECON-DET.1-CABN.1-UA.ARMY.MIL,ACFC,FCS-ARV-R,1
1-CA-BN-RECON-DET-2-PLT,2-PLT.RECON-DET.1-CABN.1-UA.ARMY.MIL,2-PLT,RECON-DET.1-CABN.1-UA.ARMY.MIL,ACFC,FCS-RS-V,3
1-CA-BN-RECON-DET-2-PLT,2-PLT.RECON-DET.1-CABN.1-UA.ARMY.MIL,2-PLT,RECON-DET.1-CABN.1-UA.ARMY.MIL,ACFC,FCS-SUGV,3
1-CA-BN-RECON-DET-2-PLT,2-PLT.RECON-DET.1-CABN.1-UA.ARMY.MIL,2-PLT,RECON-DET.1-CABN.1-UA.ARMY.MIL,ACFC,UAV-CL-I,3
1-CA-BN-RECON-DET-3-PLT,3-PLT.RECON-DET.1-CABN.1-UA.ARMY.MIL,3-PLT,RECON-DET.1-CABN.1-UA.ARMY.MIL,ACFD,FCS-ARV-R,1
1-CA-BN-RECON-DET-3-PLT,3-PLT.RECON-DET.1-CABN.1-UA.ARMY.MIL,3-PLT,RECON-DET.1-CABN.1-UA.ARMY.MIL,ACFD,FCS-RS-V,3
1-CA-BN-RECON-DET-3-PLT,3-PLT.RECON-DET.1-CABN.1-UA.ARMY.MIL,3-PLT,RECON-DET.1-CABN.1-UA.ARMY.MIL,ACFD,FCS-SUGV,3
1-CA-BN-RECON-DET-3-PLT,3-PLT.RECON-DET.1-CABN.1-UA.ARMY.MIL,3-PLT,RECON-DET.1-CABN.1-UA.ARMY.MIL,ACFD,UAV-CL-I,3
1-CA-BN-MORTAR-BTY-HQ,BTY-HQ.MORTAR-BTY.1-CABN.1-UA.ARMY.MIL,BTY-HQ,MORTAR-BTY.1-CABN.1-UA.ARMY.MIL,ACGA,FTTS-U-C2,2
1-CA-BN-MORTAR-BTY-HQ,BTY-HQ.MORTAR-BTY.1-CABN.1-UA.ARMY.MIL,BTY-HQ,MORTAR-BTY.1-CABN.1-UA.ARMY.MIL,ACGA,FTTS-U-SPT,1
1-CA-BN-MORTAR-BTY-1-PLT,1-PLT.MORTAR-BTY.1-CABN.1-UA.ARMY.MIL,1-PLT,MORTAR-BTY.1-CABN.1-UA.ARMY.MIL,ACGB,FTTS-MS,2
1-CA-BN-MORTAR-BTY-1-PLT,1-PLT.MORTAR-BTY.1-CABN.1-UA.ARMY.MIL,1-PLT,MORTAR-BTY.1-CABN.1-UA.ARMY.MIL,ACGB,NLOS-Mortar,4
1-CA-BN-MORTAR-BTY-2-PLT,2-PLT.MORTAR-BTY.1-CABN.1-UA.ARMY.MIL,2-PLT,MORTAR-BTY.1-CABN.1-UA.ARMY.MIL,ACGC,FTTS-MS,2
1-CA-BN-MORTAR-BTY-2-PLT,2-PLT.MORTAR-BTY.1-CABN.1-UA.ARMY.MIL,2-PLT,MORTAR-BTY.1-CABN.1-UA.ARMY.MIL,ACGC,NLOS-Mortar,4
2-CA-BN-MCG,MCG.2-CABN.1-UA.ARMY.MIL,MCG,2-CABN.1-UA.ARMY.MIL,ADAA,FCS-C2V,1
2-CA-BN-TACP,TACP.2-CABN.1-UA.ARMY.MIL,TACP,2-CABN.1-UA.ARMY.MIL,ADAB,FCS-C2V,3
2-CA-BN-TACP,TACP.2-CABN.1-UA.ARMY.MIL,TACP,2-CABN.1-UA.ARMY.MIL,ADAB,FCS-ICV,1
2-CA-BN-TACP,TACP.2-CABN.1-UA.ARMY.MIL,TACP,2-CABN.1-UA.ARMY.MIL,ADAB,FTTS-U-C2,2
2-CA-BN-MED-PLT-HQ,MED-PLT-HQ.2-CABN.1-UA.ARMY.MIL,MED-PLT-HQ,2-CABN.1-UA.ARMY.MIL,ADACA,FCS-C2V,1
2-CA-BN-MED-PLT-TREATMENT-SQUAD,MED-PLT-TREATMENT-SQUAD.2-CABN.1-UA.ARMY.MIL,MED-PLT-TREATMENT-SQUAD,2-CABN.1-UA.ARMY.MIL,ADACB,FCS-MV,2
2-CA-BN-MED-PLT-EVAC-SECTION,MED-PLT-EVAC-SECTION.2-CABN.1-UA.ARMY.MIL,MED-PLT-EVAC-SECTION,2-CABN.1-UA.ARMY.MIL,ADACC,FCS-MV,5
2-CA-BN-SUPPORT-SECTION,SUPPORT-SECTION.2-CABN.1-UA.ARMY.MIL,SUPPORT-SECTION,2-CABN.1-UA.ARMY.MIL,ADAD,FCS-ARV-A,6
2-CA-BN-SUPPORT-SECTION,SUPPORT-SECTION.2-CABN.1-UA.ARMY.MIL,SUPPORT-SECTION,2-CABN.1-UA.ARMY.MIL,ADAD,FCS-MULE,18
2-CA-BN-SUPPORT-SECTION,SUPPORT-SECTION.2-CABN.1-UA.ARMY.MIL,SUPPORT-SECTION,2-CABN.1-UA.ARMY.MIL,ADAD,FTTS-MS,8
2-CA-BN-CO-HQ-SECTION,CO-HQ-SECTION.2-CABN.1-UA.ARMY.MIL,CO-HQ-SECTION,2-CABN.1-UA.ARMY.MIL,ADAE,FTTS-U-SPT,2
2-CA-BN-INF-CO-A-HQ,CO-HQ.INFCO-A.2-CABN.1-UA.ARMY.MIL,CO-HQ,INFCO-A.2-CABN.1-UA.ARMY.MIL,ADBA,FCS-C2V,2
2-CA-BN-INF-CO-A-HQ,CO-HQ.INFCO-A.2-CABN.1-UA.ARMY.MIL,CO-HQ,INFCO-A.2-CABN.1-UA.ARMY.MIL,ADBA,FTTS-U-C2,1
2-CA-BN-INF-CO-A-HQ,CO-HQ.INFCO-A.2-CABN.1-UA.ARMY.MIL,CO-HQ,INFCO-A.2-CABN.1-UA.ARMY.MIL,ADBA,UAV-CL-II,3
2-CA-BN-INF-CO-A-1-PLT-HQ,1-PLT-HQ.INFCO-A.2-CABN.1-UA.ARMY.MIL,1-PLT-HQ,INFCO-A.2-CABN.1-UA.ARMY.MIL,ADBBA,FCS-ARV-A,1
2-CA-BN-INF-CO-A-1-PLT-HQ,1-PLT-HQ.INFCO-A.2-CABN.1-UA.ARMY.MIL,1-PLT-HQ,INFCO-A.2-CABN.1-UA.ARMY.MIL,ADBBA,FCS-C2V,1
2-CA-BN-INF-CO-A-1-PLT-HQ,1-PLT-HQ.INFCO-A.2-CABN.1-UA.ARMY.MIL,1-PLT-HQ,INFCO-A.2-CABN.1-UA.ARMY.MIL,ADBBA,UAV-CL-I,1
2-CA-BN-INF-CO-A-1-PLT-1-INF-SQUAD,1-PLT-1-INF-SQUAD.INFCO-A.2-CABN.1-UA.ARMY.MIL,1-PLT-1-INF-SQUAD,INFCO-A.2-CABN.1-UA.ARMY.MIL,ADBBB,FCS-ICV,1
2-CA-BN-INF-CO-A-1-PLT-1-INF-SQUAD,1-PLT-1-INF-SQUAD.INFCO-A.2-CABN.1-UA.ARMY.MIL,1-PLT-1-INF-SQUAD,INFCO-A.2-CABN.1-UA.ARMY.MIL,ADBBB,FCS-SUGV,1
2-CA-BN-INF-CO-A-1-PLT-2-INF-SQUAD,1-PLT-2-INF-SQUAD.INFCO-A.2-CABN.1-UA.ARMY.MIL,1-PLT-2-INF-SQUAD,INFCO-A.2-CABN.1-UA.ARMY.MIL,ADBBC,FCS-ICV,1
2-CA-BN-INF-CO-A-1-PLT-2-INF-SQUAD,1-PLT-2-INF-SQUAD.INFCO-A.2-CABN.1-UA.ARMY.MIL,1-PLT-2-INF-SQUAD,INFCO-A.2-CABN.1-UA.ARMY.MIL,ADBBC,FCS-SUGV,1
2-CA-BN-INF-CO-A-1-PLT-3-INF-SQUAD,1-PLT-3-INF-SQUAD.INFCO-A.2-CABN.1-UA.ARMY.MIL,1-PLT-3-INF-SQUAD,INFCO-A.2-CABN.1-UA.ARMY.MIL,ADBBD,FCS-ICV,1
2-CA-BN-INF-CO-A-1-PLT-3-INF-SQUAD,1-PLT-3-INF-SQUAD.INFCO-A.2-CABN.1-UA.ARMY.MIL,1-PLT-3-INF-SQUAD,INFCO-A.2-CABN.1-UA.ARMY.MIL,ADBBD,FCS-SUGV,1
2-CA-BN-INF-CO-A-1-PLT-WPN-SQUAD,1-PLT-WPN-SQUAD.INFCO-A.2-CABN.1-UA.ARMY.MIL,1-PLT-WPN-SQUAD,INFCO-A.2-CABN.1-UA.ARMY.MIL,ADBBE,FCS-ICV,1
2-CA-BN-INF-CO-A-1-PLT-WPN-SQUAD,1-PLT-WPN-SQUAD.INFCO-A.2-CABN.1-UA.ARMY.MIL,1-PLT-WPN-SQUAD,INFCO-A.2-CABN.1-UA.ARMY.MIL,ADBBE,FCS-SUGV,1
2-CA-BN-INF-CO-A-2-PLT-HQ,2-PLT-HQ.INFCO-A.2-CABN.1-UA.ARMY.MIL,2-PLT-HQ,INFCO-A.2-CABN.1-UA.ARMY.MIL,ADBCA,FCS-ARV-A,1
2-CA-BN-INF-CO-A-2-PLT-HQ,2-PLT-HQ.INFCO-A.2-CABN.1-UA.ARMY.MIL,2-PLT-HQ,INFCO-A.2-CABN.1-UA.ARMY.MIL,ADBCA,FCS-C2V,1
2-CA-BN-INF-CO-A-2-PLT-HQ,2-PLT-HQ.INFCO-A.2-CABN.1-UA.ARMY.MIL,2-PLT-HQ,INFCO-A.2-CABN.1-UA.ARMY.MIL,ADBCA,UAV-CL-I,1
2-CA-BN-INF-CO-A-2-PLT-1-INF-SQUAD,2-PLT-1-INF-SQUAD.INFCO-A.2-CABN.1-UA.ARMY.MIL,2-PLT-1-INF-SQUAD,INFCO-A.2-CABN.1-UA.ARMY.MIL,ADBCB,FCS-ICV,1
2-CA-BN-INF-CO-A-2-PLT-1-INF-SQUAD,2-PLT-1-INF-SQUAD.INFCO-A.2-CABN.1-UA.ARMY.MIL,2-PLT-1-INF-SQUAD,INFCO-A.2-CABN.1-UA.ARMY.MIL,ADBCB,FCS-SUGV,1
2-CA-BN-INF-CO-A-2-PLT-2-INF-SQUAD,2-PLT-2-INF-SQUAD.INFCO-A.2-CABN.1-UA.ARMY.MIL,2-PLT-2-INF-SQUAD,INFCO-A.2-CABN.1-UA.ARMY.MIL,ADBCC,FCS-ICV,1
2-CA-BN-INF-CO-A-2-PLT-2-INF-SQUAD,2-PLT-2-INF-SQUAD.INFCO-A.2-CABN.1-UA.ARMY.MIL,2-PLT-2-INF-SQUAD,INFCO-A.2-CABN.1-UA.ARMY.MIL,ADBCC,FCS-SUGV,1
2-CA-BN-INF-CO-A-2-PLT-3-INF-SQUAD,2-PLT-3-INF-SQUAD.INFCO-A.2-CABN.1-UA.ARMY.MIL,2-PLT-3-INF-SQUAD,INFCO-A.2-CABN.1-UA.ARMY.MIL,ADBCD,FCS-ICV,1
2-CA-BN-INF-CO-A-2-PLT-3-INF-SQUAD,2-PLT-3-INF-SQUAD.INFCO-A.2-CABN.1-UA.ARMY.MIL,2-PLT-3-INF-SQUAD,INFCO-A.2-CABN.1-UA.ARMY.MIL,ADBCD,FCS-SUGV,1
2-CA-BN-INF-CO-A-2-PLT-WPN-SQUAD,2-PLT-WPN-SQUAD.INFCO-A.2-CABN.1-UA.ARMY.MIL,2-PLT-WPN-SQUAD,INFCO-A.2-CABN.1-UA.ARMY.MIL,ADBCE,FCS-ICV,1
2-CA-BN-INF-CO-A-2-PLT-WPN-SQUAD,2-PLT-WPN-SQUAD.INFCO-A.2-CABN.1-UA.ARMY.MIL,2-PLT-WPN-SQUAD,INFCO-A.2-CABN.1-UA.ARMY.MIL,ADBCE,FCS-SUGV,1
2-CA-BN-INF-CO-A-3-PLT-HQ,3-PLT-HQ.INFCO-A.2-CABN.1-UA.ARMY.MIL,3-PLT-HQ,INFCO-A.2-CABN.1-UA.ARMY.MIL,ADBDA,FCS-ARV-A,1
2-CA-BN-INF-CO-A-3-PLT-HQ,3-PLT-HQ.INFCO-A.2-CABN.1-UA.ARMY.MIL,3-PLT-HQ,INFCO-A.2-CABN.1-UA.ARMY.MIL,ADBDA,FCS-C2V,1
2-CA-BN-INF-CO-A-3-PLT-HQ,3-PLT-HQ.INFCO-A.2-CABN.1-UA.ARMY.MIL,3-PLT-HQ,INFCO-A.2-CABN.1-UA.ARMY.MIL,ADBDA,UAV-CL-I,1
2-CA-BN-INF-CO-A-3-PLT-1-INF-SQUAD,3-PLT-1-INF-SQUAD.INFCO-A.2-CABN.1-UA.ARMY.MIL,3-PLT-1-INF-SQUAD,INFCO-A.2-CABN.1-UA.ARMY.MIL,ADBDB,FCS-ICV,1
2-CA-BN-INF-CO-A-3-PLT-1-INF-SQUAD,3-PLT-1-INF-SQUAD.INFCO-A.2-CABN.1-UA.ARMY.MIL,3-PLT-1-INF-SQUAD,INFCO-A.2-CABN.1-UA.ARMY.MIL,ADBDB,FCS-SUGV,1
2-CA-BN-INF-CO-A-3-PLT-2-INF-SQUAD,3-PLT-2-INF-SQUAD.INFCO-A.2-CABN.1-UA.ARMY.MIL,3-PLT-2-INF-SQUAD,INFCO-A.2-CABN.1-UA.ARMY.MIL,ADBDC,FCS-ICV,1
2-CA-BN-INF-CO-A-3-PLT-2-INF-SQUAD,3-PLT-2-INF-SQUAD.INFCO-A.2-CABN.1-UA.ARMY.MIL,3-PLT-2-INF-SQUAD,INFCO-A.2-CABN.1-UA.ARMY.MIL,ADBDC,FCS-SUGV,1
2-CA-BN-INF-CO-A-3-PLT-3-INF-SQUAD,3-PLT-3-INF-SQUAD.INFCO-A.2-CABN.1-UA.ARMY.MIL,3-PLT-3-INF-SQUAD,INFCO-A.2-CABN.1-UA.ARMY.MIL,ADBDD,FCS-ICV,1
2-CA-BN-INF-CO-A-3-PLT-3-INF-SQUAD,3-PLT-3-INF-SQUAD.INFCO-A.2-CABN.1-UA.ARMY.MIL,3-PLT-3-INF-SQUAD,INFCO-A.2-CABN.1-UA.ARMY.MIL,ADBDD,FCS-SUGV,1
2-CA-BN-INF-CO-A-3-PLT-WPN-SQUAD,3-PLT-WPN-SQUAD.INFCO-A.2-CABN.1-UA.ARMY.MIL,3-PLT-WPN-SQUAD,INFCO-A.2-CABN.1-UA.ARMY.MIL,ADBDE,FCS-ICV,1
2-CA-BN-INF-CO-A-3-PLT-WPN-SQUAD,3-PLT-WPN-SQUAD.INFCO-A.2-CABN.1-UA.ARMY.MIL,3-PLT-WPN-SQUAD,INFCO-A.2-CABN.1-UA.ARMY.MIL,ADBDE,FCS-SUGV,1
2-CA-BN-INF-CO-B-HQ,CO-HQ.INFCO-B.2-CABN.1-UA.ARMY.MIL,CO-HQ,INFCO-B.2-CABN.1-UA.ARMY.MIL,ADCA,FCS-C2V,2
2-CA-BN-INF-CO-B-HQ,CO-HQ.INFCO-B.2-CABN.1-UA.ARMY.MIL,CO-HQ,INFCO-B.2-CABN.1-UA.ARMY.MIL,ADCA,FTTS-U-C2,1
2-CA-BN-INF-CO-B-HQ,CO-HQ.INFCO-B.2-CABN.1-UA.ARMY.MIL,CO-HQ,INFCO-B.2-CABN.1-UA.ARMY.MIL,ADCA,UAV-CL-II,3
2-CA-BN-INF-CO-B-1-PLT-HQ,1-PLT-HQ.INFCO-B.2-CABN.1-UA.ARMY.MIL,1-PLT-HQ,INFCO-B.2-CABN.1-UA.ARMY.MIL,ADCBA,FCS-ARV-A,1
2-CA-BN-INF-CO-B-1-PLT-HQ,1-PLT-HQ.INFCO-B.2-CABN.1-UA.ARMY.MIL,1-PLT-HQ,INFCO-B.2-CABN.1-UA.ARMY.MIL,ADCBA,FCS-C2V,1
2-CA-BN-INF-CO-B-1-PLT-HQ,1-PLT-HQ.INFCO-B.2-CABN.1-UA.ARMY.MIL,1-PLT-HQ,INFCO-B.2-CABN.1-UA.ARMY.MIL,ADCBA,UAV-CL-I,1
2-CA-BN-INF-CO-B-1-PLT-1-INF-SQUAD,1-PLT-1-INF-SQUAD.INFCO-B.2-CABN.1-UA.ARMY.MIL,1-PLT-1-INF-SQUAD,INFCO-B.2-CABN.1-UA.ARMY.MIL,ADCBB,FCS-ICV,1
2-CA-BN-INF-CO-B-1-PLT-1-INF-SQUAD,1-PLT-1-INF-SQUAD.INFCO-B.2-CABN.1-UA.ARMY.MIL,1-PLT-1-INF-SQUAD,INFCO-B.2-CABN.1-UA.ARMY.MIL,ADCBB,FCS-SUGV,1
2-CA-BN-INF-CO-B-1-PLT-2-INF-SQUAD,1-PLT-2-INF-SQUAD.INFCO-B.2-CABN.1-UA.ARMY.MIL,1-PLT-2-INF-SQUAD,INFCO-B.2-CABN.1-UA.ARMY.MIL,ADCBC,FCS-ICV,1
2-CA-BN-INF-CO-B-1-PLT-2-INF-SQUAD,1-PLT-2-INF-SQUAD.INFCO-B.2-CABN.1-UA.ARMY.MIL,1-PLT-2-INF-SQUAD,INFCO-B.2-CABN.1-UA.ARMY.MIL,ADCBC,FCS-SUGV,1
2-CA-BN-INF-CO-B-1-PLT-3-INF-SQUAD,1-PLT-3-INF-SQUAD.INFCO-B.2-CABN.1-UA.ARMY.MIL,1-PLT-3-INF-SQUAD,INFCO-B.2-CABN.1-UA.ARMY.MIL,ADCBD,FCS-ICV,1
2-CA-BN-INF-CO-B-1-PLT-3-INF-SQUAD,1-PLT-3-INF-SQUAD.INFCO-B.2-CABN.1-UA.ARMY.MIL,1-PLT-3-INF-SQUAD,INFCO-B.2-CABN.1-UA.ARMY.MIL,ADCBD,FCS-SUGV,1
2-CA-BN-INF-CO-B-1-PLT-WPN-SQUAD,1-PLT-WPN-SQUAD.INFCO-B.2-CABN.1-UA.ARMY.MIL,1-PLT-WPN-SQUAD,INFCO-B.2-CABN.1-UA.ARMY.MIL,ADCBE,FCS-ICV,1
2-CA-BN-INF-CO-B-1-PLT-WPN-SQUAD,1-PLT-WPN-SQUAD.INFCO-B.2-CABN.1-UA.ARMY.MIL,1-PLT-WPN-SQUAD,INFCO-B.2-CABN.1-UA.ARMY.MIL,ADCBE,FCS-SUGV,1
2-CA-BN-INF-CO-B-2-PLT-HQ,2-PLT-HQ.INFCO-B.2-CABN.1-UA.ARMY.MIL,2-PLT-HQ,INFCO-B.2-CABN.1-UA.ARMY.MIL,ADCCA,FCS-ARV-A,1
2-CA-BN-INF-CO-B-2-PLT-HQ,2-PLT-HQ.INFCO-B.2-CABN.1-UA.ARMY.MIL,2-PLT-HQ,INFCO-B.2-CABN.1-UA.ARMY.MIL,ADCCA,FCS-C2V,1
2-CA-BN-INF-CO-B-2-PLT-HQ,2-PLT-HQ.INFCO-B.2-CABN.1-UA.ARMY.MIL,2-PLT-HQ,INFCO-B.2-CABN.1-UA.ARMY.MIL,ADCCA,UAV-CL-I,1
2-CA-BN-INF-CO-B-2-PLT-1-INF-SQUAD,2-PLT-1-INF-SQUAD.INFCO-B.2-CABN.1-UA.ARMY.MIL,2-PLT-1-INF-SQUAD,INFCO-B.2-CABN.1-UA.ARMY.MIL,ADCCB,FCS-ICV,1
2-CA-BN-INF-CO-B-2-PLT-1-INF-SQUAD,2-PLT-1-INF-SQUAD.INFCO-B.2-CABN.1-UA.ARMY.MIL,2-PLT-1-INF-SQUAD,INFCO-B.2-CABN.1-UA.ARMY.MIL,ADCCB,FCS-SUGV,1
2-CA-BN-INF-CO-B-2-PLT-2-INF-SQUAD,2-PLT-2-INF-SQUAD.INFCO-B.2-CABN.1-UA.ARMY.MIL,2-PLT-2-INF-SQUAD,INFCO-B.2-CABN.1-UA.ARMY.MIL,ADCCC,FCS-ICV,1
2-CA-BN-INF-CO-B-2-PLT-2-INF-SQUAD,2-PLT-2-INF-SQUAD.INFCO-B.2-CABN.1-UA.ARMY.MIL,2-PLT-2-INF-SQUAD,INFCO-B.2-CABN.1-UA.ARMY.MIL,ADCCC,FCS-SUGV,1
2-CA-BN-INF-CO-B-2-PLT-3-INF-SQUAD,2-PLT-3-INF-SQUAD.INFCO-B.2-CABN.1-UA.ARMY.MIL,2-PLT-3-INF-SQUAD,INFCO-B.2-CABN.1-UA.ARMY.MIL,ADCCD,FCS-ICV,1
2-CA-BN-INF-CO-B-2-PLT-3-INF-SQUAD,2-PLT-3-INF-SQUAD.INFCO-B.2-CABN.1-UA.ARMY.MIL,2-PLT-3-INF-SQUAD,INFCO-B.2-CABN.1-UA.ARMY.MIL,ADCCD,FCS-SUGV,1
2-CA-BN-INF-CO-B-2-PLT-WPN-SQUAD,2-PLT-WPN-SQUAD.INFCO-B.2-CABN.1-UA.ARMY.MIL,2-PLT-WPN-SQUAD,INFCO-B.2-CABN.1-UA.ARMY.MIL,ADCCE,FCS-ICV,1
2-CA-BN-INF-CO-B-2-PLT-WPN-SQUAD,2-PLT-WPN-SQUAD.INFCO-B.2-CABN.1-UA.ARMY.MIL,2-PLT-WPN-SQUAD,INFCO-B.2-CABN.1-UA.ARMY.MIL,ADCCE,FCS-SUGV,1
2-CA-BN-INF-CO-B-3-PLT-HQ,3-PLT-HQ.INFCO-B.2-CABN.1-UA.ARMY.MIL,3-PLT-HQ,INFCO-B.2-CABN.1-UA.ARMY.MIL,ADCDA,FCS-ARV-A,1
2-CA-BN-INF-CO-B-3-PLT-HQ,3-PLT-HQ.INFCO-B.2-CABN.1-UA.ARMY.MIL,3-PLT-HQ,INFCO-B.2-CABN.1-UA.ARMY.MIL,ADCDA,FCS-C2V,1
2-CA-BN-INF-CO-B-3-PLT-HQ,3-PLT-HQ.INFCO-B.2-CABN.1-UA.ARMY.MIL,3-PLT-HQ,INFCO-B.2-CABN.1-UA.ARMY.MIL,ADCDA,UAV-CL-I,1
2-CA-BN-INF-CO-B-3-PLT-1-INF-SQUAD,3-PLT-1-INF-SQUAD.INFCO-B.2-CABN.1-UA.ARMY.MIL,3-PLT-1-INF-SQUAD,INFCO-B.2-CABN.1-UA.ARMY.MIL,ADCDB,FCS-ICV,1
2-CA-BN-INF-CO-B-3-PLT-1-INF-SQUAD,3-PLT-1-INF-SQUAD.INFCO-B.2-CABN.1-UA.ARMY.MIL,3-PLT-1-INF-SQUAD,INFCO-B.2-CABN.1-UA.ARMY.MIL,ADCDB,FCS-SUGV,1
2-CA-BN-INF-CO-B-3-PLT-2-INF-SQUAD,3-PLT-2-INF-SQUAD.INFCO-B.2-CABN.1-UA.ARMY.MIL,3-PLT-2-INF-SQUAD,INFCO-B.2-CABN.1-UA.ARMY.MIL,ADCDC,FCS-ICV,1
2-CA-BN-INF-CO-B-3-PLT-2-INF-SQUAD,3-PLT-2-INF-SQUAD.INFCO-B.2-CABN.1-UA.ARMY.MIL,3-PLT-2-INF-SQUAD,INFCO-B.2-CABN.1-UA.ARMY.MIL,ADCDC,FCS-SUGV,1
2-CA-BN-INF-CO-B-3-PLT-3-INF-SQUAD,3-PLT-3-INF-SQUAD.INFCO-B.2-CABN.1-UA.ARMY.MIL,3-PLT-3-INF-SQUAD,INFCO-B.2-CABN.1-UA.ARMY.MIL,ADCDD,FCS-ICV,1
2-CA-BN-INF-CO-B-3-PLT-3-INF-SQUAD,3-PLT-3-INF-SQUAD.INFCO-B.2-CABN.1-UA.ARMY.MIL,3-PLT-3-INF-SQUAD,INFCO-B.2-CABN.1-UA.ARMY.MIL,ADCDD,FCS-SUGV,1
2-CA-BN-INF-CO-B-3-PLT-WPN-SQUAD,3-PLT-WPN-SQUAD.INFCO-B.2-CABN.1-UA.ARMY.MIL,3-PLT-WPN-SQUAD,INFCO-B.2-CABN.1-UA.ARMY.MIL,ADCDE,FCS-ICV,1
2-CA-BN-INF-CO-B-3-PLT-WPN-SQUAD,3-PLT-WPN-SQUAD.INFCO-B.2-CABN.1-UA.ARMY.MIL,3-PLT-WPN-SQUAD,INFCO-B.2-CABN.1-UA.ARMY.MIL,ADCDE,FCS-SUGV,1
2-CA-BN-MCS-CO-A-HQ,CO-HQ.MCSCO-A.2-CABN.1-UA.ARMY.MIL,CO-HQ,MCSCO-A.2-CABN.1-UA.ARMY.MIL,ADDA,FCS-C2V,2
2-CA-BN-MCS-CO-A-HQ,CO-HQ.MCSCO-A.2-CABN.1-UA.ARMY.MIL,CO-HQ,MCSCO-A.2-CABN.1-UA.ARMY.MIL,ADDA,FTTS-U-C2,1
2-CA-BN-MCS-CO-A-HQ,CO-HQ.MCSCO-A.2-CABN.1-UA.ARMY.MIL,CO-HQ,MCSCO-A.2-CABN.1-UA.ARMY.MIL,ADDA,UAV-CL-II,3
2-CA-BN-MCS-CO-A-1-PLT,1-PLT.MCSCO-A.2-CABN.1-UA.ARMY.MIL,1-PLT,MCSCO-A.2-CABN.1-UA.ARMY.MIL,ADDB,FCS-ARV-R,1
2-CA-BN-MCS-CO-A-1-PLT,1-PLT.MCSCO-A.2-CABN.1-UA.ARMY.MIL,1-PLT,MCSCO-A.2-CABN.1-UA.ARMY.MIL,ADDB,FCS-MCS,3
2-CA-BN-MCS-CO-A-2-PLT,2-PLT.MCSCO-A.2-CABN.1-UA.ARMY.MIL,2-PLT,MCSCO-A.2-CABN.1-UA.ARMY.MIL,ADDC,FCS-ARV-R,1
2-CA-BN-MCS-CO-A-2-PLT,2-PLT.MCSCO-A.2-CABN.1-UA.ARMY.MIL,2-PLT,MCSCO-A.2-CABN.1-UA.ARMY.MIL,ADDC,FCS-MCS,3
2-CA-BN-MCS-CO-A-3-PLT,3-PLT.MCSCO-A.2-CABN.1-UA.ARMY.MIL,3-PLT,MCSCO-A.2-CABN.1-UA.ARMY.MIL,ADDD,FCS-ARV-R,1
2-CA-BN-MCS-CO-A-3-PLT,3-PLT.MCSCO-A.2-CABN.1-UA.ARMY.MIL,3-PLT,MCSCO-A.2-CABN.1-UA.ARMY.MIL,ADDD,FCS-MCS,3
2-CA-BN-MCS-CO-B-HQ,CO-HQ.MCSCO-B.2-CABN.1-UA.ARMY.MIL,CO-HQ,MCSCO-B.2-CABN.1-UA.ARMY.MIL,ADEA,FCS-C2V,2
2-CA-BN-MCS-CO-B-HQ,CO-HQ.MCSCO-B.2-CABN.1-UA.ARMY.MIL,CO-HQ,MCSCO-B.2-CABN.1-UA.ARMY.MIL,ADEA,FTTS-U-C2,1
2-CA-BN-MCS-CO-B-HQ,CO-HQ.MCSCO-B.2-CABN.1-UA.ARMY.MIL,CO-HQ,MCSCO-B.2-CABN.1-UA.ARMY.MIL,ADEA,UAV-CL-II,3
2-CA-BN-MCS-CO-B-1-PLT,1-PLT.MCSCO-B.2-CABN.1-UA.ARMY.MIL,1-PLT,MCSCO-B.2-CABN.1-UA.ARMY.MIL,ADEB,FCS-ARV-R,1
2-CA-BN-MCS-CO-B-1-PLT,1-PLT.MCSCO-B.2-CABN.1-UA.ARMY.MIL,1-PLT,MCSCO-B.2-CABN.1-UA.ARMY.MIL,ADEB,FCS-MCS,3
2-CA-BN-MCS-CO-B-2-PLT,2-PLT.MCSCO-B.2-CABN.1-UA.ARMY.MIL,2-PLT,MCSCO-B.2-CABN.1-UA.ARMY.MIL,ADEC,FCS-ARV-R,1
2-CA-BN-MCS-CO-B-2-PLT,2-PLT.MCSCO-B.2-CABN.1-UA.ARMY.MIL,2-PLT,MCSCO-B.2-CABN.1-UA.ARMY.MIL,ADEC,FCS-MCS,3
2-CA-BN-MCS-CO-B-3-PLT,3-PLT.MCSCO-B.2-CABN.1-UA.ARMY.MIL,3-PLT,MCSCO-B.2-CABN.1-UA.ARMY.MIL,ADED,FCS-ARV-R,1
2-CA-BN-MCS-CO-B-3-PLT,3-PLT.MCSCO-B.2-CABN.1-UA.ARMY.MIL,3-PLT,MCSCO-B.2-CABN.1-UA.ARMY.MIL,ADED,FCS-MCS,3
2-CA-BN-RECON-DET-HQ,DET-HQ.RECON-DET.2-CABN.1-UA.ARMY.MIL,DET-HQ,RECON-DET.2-CABN.1-UA.ARMY.MIL,ADFA,FCS-C2V,1
2-CA-BN-RECON-DET-HQ,DET-HQ.RECON-DET.2-CABN.1-UA.ARMY.MIL,DET-HQ,RECON-DET.2-CABN.1-UA.ARMY.MIL,ADFA,FTTS-MS,3
2-CA-BN-RECON-DET-HQ,DET-HQ.RECON-DET.2-CABN.1-UA.ARMY.MIL,DET-HQ,RECON-DET.2-CABN.1-UA.ARMY.MIL,ADFA,FTTS-U-SPT,1
2-CA-BN-RECON-DET-HQ,DET-HQ.RECON-DET.2-CABN.1-UA.ARMY.MIL,DET-HQ,RECON-DET.2-CABN.1-UA.ARMY.MIL,ADFA,UAV-CL-III-LCU,3
2-CA-BN-RECON-DET-1-PLT,1-PLT.RECON-DET.2-CABN.1-UA.ARMY.MIL,1-PLT,RECON-DET.2-CABN.1-UA.ARMY.MIL,ADFB,FCS-ARV-R,1
2-CA-BN-RECON-DET-1-PLT,1-PLT.RECON-DET.2-CABN.1-UA.ARMY.MIL,1-PLT,RECON-DET.2-CABN.1-UA.ARMY.MIL,ADFB,FCS-RS-V,3
2-CA-BN-RECON-DET-1-PLT,1-PLT.RECON-DET.2-CABN.1-UA.ARMY.MIL,1-PLT,RECON-DET.2-CABN.1-UA.ARMY.MIL,ADFB,FCS-SUGV,3
2-CA-BN-RECON-DET-1-PLT,1-PLT.RECON-DET.2-CABN.1-UA.ARMY.MIL,1-PLT,RECON-DET.2-CABN.1-UA.ARMY.MIL,ADFB,UAV-CL-I,3
2-CA-BN-RECON-DET-2-PLT,2-PLT.RECON-DET.2-CABN.1-UA.ARMY.MIL,2-PLT,RECON-DET.2-CABN.1-UA.ARMY.MIL,ADFC,FCS-ARV-R,1
2-CA-BN-RECON-DET-2-PLT,2-PLT.RECON-DET.2-CABN.1-UA.ARMY.MIL,2-PLT,RECON-DET.2-CABN.1-UA.ARMY.MIL,ADFC,FCS-RS-V,3
2-CA-BN-RECON-DET-2-PLT,2-PLT.RECON-DET.2-CABN.1-UA.ARMY.MIL,2-PLT,RECON-DET.2-CABN.1-UA.ARMY.MIL,ADFC,FCS-SUGV,3
2-CA-BN-RECON-DET-2-PLT,2-PLT.RECON-DET.2-CABN.1-UA.ARMY.MIL,2-PLT,RECON-DET.2-CABN.1-UA.ARMY.MIL,ADFC,UAV-CL-I,3
2-CA-BN-RECON-DET-3-PLT,3-PLT.RECON-DET.2-CABN.1-UA.ARMY.MIL,3-PLT,RECON-DET.2-CABN.1-UA.ARMY.MIL,ADFD,FCS-ARV-R,1
2-CA-BN-RECON-DET-3-PLT,3-PLT.RECON-DET.2-CABN.1-UA.ARMY.MIL,3-PLT,RECON-DET.2-CABN.1-UA.ARMY.MIL,ADFD,FCS-RS-V,3
2-CA-BN-RECON-DET-3-PLT,3-PLT.RECON-DET.2-CABN.1-UA.ARMY.MIL,3-PLT,RECON-DET.2-CABN.1-UA.ARMY.MIL,ADFD,FCS-SUGV,3
2-CA-BN-RECON-DET-3-PLT,3-PLT.RECON-DET.2-CABN.1-UA.ARMY.MIL,3-PLT,RECON-DET.2-CABN.1-UA.ARMY.MIL,ADFD,UAV-CL-I,3
2-CA-BN-MORTAR-BTY-HQ,BTY-HQ.MORTAR-BTY.2-CABN.1-UA.ARMY.MIL,BTY-HQ,MORTAR-BTY.2-CABN.1-UA.ARMY.MIL,ADGA,FTTS-U-C2,2
2-CA-BN-MORTAR-BTY-HQ,BTY-HQ.MORTAR-BTY.2-CABN.1-UA.ARMY.MIL,BTY-HQ,MORTAR-BTY.2-CABN.1-UA.ARMY.MIL,ADGA,FTTS-U-SPT,1
2-CA-BN-MORTAR-BTY-1-PLT,1-PLT.MORTAR-BTY.2-CABN.1-UA.ARMY.MIL,1-PLT,MORTAR-BTY.2-CABN.1-UA.ARMY.MIL,ADGB,FTTS-MS,2
2-CA-BN-MORTAR-BTY-1-PLT,1-PLT.MORTAR-BTY.2-CABN.1-UA.ARMY.MIL,1-PLT,MORTAR-BTY.2-CABN.1-UA.ARMY.MIL,ADGB,NLOS-Mortar,4
2-CA-BN-MORTAR-BTY-2-PLT,2-PLT.MORTAR-BTY.2-CABN.1-UA.ARMY.MIL,2-PLT,MORTAR-BTY.2-CABN.1-UA.ARMY.MIL,ADGC,FTTS-MS,2
2-CA-BN-MORTAR-BTY-2-PLT,2-PLT.MORTAR-BTY.2-CABN.1-UA.ARMY.MIL,2-PLT,MORTAR-BTY.2-CABN.1-UA.ARMY.MIL,ADGC,NLOS-Mortar,4
3-CA-BN-MCG,MCG.3-CABN.1-UA.ARMY.MIL,MCG,3-CABN.1-UA.ARMY.MIL,AEAA,FCS-C2V,1
3-CA-BN-TACP,TACP.3-CABN.1-UA.ARMY.MIL,TACP,3-CABN.1-UA.ARMY.MIL,AEAB,FCS-C2V,3
3-CA-BN-TACP,TACP.3-CABN.1-UA.ARMY.MIL,TACP,3-CABN.1-UA.ARMY.MIL,AEAB,FCS-ICV,1
3-CA-BN-TACP,TACP.3-CABN.1-UA.ARMY.MIL,TACP,3-CABN.1-UA.ARMY.MIL,AEAB,FTTS-U-C2,2
3-CA-BN-MED-PLT-HQ,MED-PLT-HQ.3-CABN.1-UA.ARMY.MIL,MED-PLT-HQ,3-CABN.1-UA.ARMY.MIL,AEACA,FCS-C2V,1
3-CA-BN-MED-PLT-TREATMENT-SQUAD,MED-PLT-TREATMENT-SQUAD.3-CABN.1-UA.ARMY.MIL,MED-PLT-TREATMENT-SQUAD,3-CABN.1-UA.ARMY.MIL,AEACB,FCS-MV,2
3-CA-BN-MED-PLT-EVAC-SECTION,MED-PLT-EVAC-SECTION.3-CABN.1-UA.ARMY.MIL,MED-PLT-EVAC-SECTION,3-CABN.1-UA.ARMY.MIL,AEACC,FCS-MV,5
3-CA-BN-SUPPORT-SECTION,SUPPORT-SECTION.3-CABN.1-UA.ARMY.MIL,SUPPORT-SECTION,3-CABN.1-UA.ARMY.MIL,AEAD,FCS-ARV-A,6
3-CA-BN-SUPPORT-SECTION,SUPPORT-SECTION.3-CABN.1-UA.ARMY.MIL,SUPPORT-SECTION,3-CABN.1-UA.ARMY.MIL,AEAD,FCS-MULE,18
3-CA-BN-SUPPORT-SECTION,SUPPORT-SECTION.3-CABN.1-UA.ARMY.MIL,SUPPORT-SECTION,3-CABN.1-UA.ARMY.MIL,AEAD,FTTS-MS,8
3-CA-BN-CO-HQ-SECTION,CO-HQ-SECTION.3-CABN.1-UA.ARMY.MIL,CO-HQ-SECTION,3-CABN.1-UA.ARMY.MIL,AEAE,FTTS-U-SPT,2
3-CA-BN-INF-CO-A-HQ,CO-HQ.INFCO-A.3-CABN.1-UA.ARMY.MIL,CO-HQ,INFCO-A.3-CABN.1-UA.ARMY.MIL,AEBA,FCS-C2V,2
3-CA-BN-INF-CO-A-HQ,CO-HQ.INFCO-A.3-CABN.1-UA.ARMY.MIL,CO-HQ,INFCO-A.3-CABN.1-UA.ARMY.MIL,AEBA,FTTS-U-C2,1
3-CA-BN-INF-CO-A-HQ,CO-HQ.INFCO-A.3-CABN.1-UA.ARMY.MIL,CO-HQ,INFCO-A.3-CABN.1-UA.ARMY.MIL,AEBA,UAV-CL-II,3
3-CA-BN-INF-CO-A-1-PLT-HQ,1-PLT-HQ.INFCO-A.3-CABN.1-UA.ARMY.MIL,1-PLT-HQ,INFCO-A.3-CABN.1-UA.ARMY.MIL,AEBBA,FCS-ARV-A,1
3-CA-BN-INF-CO-A-1-PLT-HQ,1-PLT-HQ.INFCO-A.3-CABN.1-UA.ARMY.MIL,1-PLT-HQ,INFCO-A.3-CABN.1-UA.ARMY.MIL,AEBBA,FCS-C2V,1
3-CA-BN-INF-CO-A-1-PLT-HQ,1-PLT-HQ.INFCO-A.3-CABN.1-UA.ARMY.MIL,1-PLT-HQ,INFCO-A.3-CABN.1-UA.ARMY.MIL,AEBBA,UAV-CL-I,1
3-CA-BN-INF-CO-A-1-PLT-1-INF-SQUAD,1-PLT-1-INF-SQUAD.INFCO-A.3-CABN.1-UA.ARMY.MIL,1-PLT-1-INF-SQUAD,INFCO-A.3-CABN.1-UA.ARMY.MIL,AEBBB,FCS-ICV,1
3-CA-BN-INF-CO-A-1-PLT-1-INF-SQUAD,1-PLT-1-INF-SQUAD.INFCO-A.3-CABN.1-UA.ARMY.MIL,1-PLT-1-INF-SQUAD,INFCO-A.3-CABN.1-UA.ARMY.MIL,AEBBB,FCS-SUGV,1
3-CA-BN-INF-CO-A-1-PLT-2-INF-SQUAD,1-PLT-2-INF-SQUAD.INFCO-A.3-CABN.1-UA.ARMY.MIL,1-PLT-2-INF-SQUAD,INFCO-A.3-CABN.1-UA.ARMY.MIL,AEBBC,FCS-ICV,1
3-CA-BN-INF-CO-A-1-PLT-2-INF-SQUAD,1-PLT-2-INF-SQUAD.INFCO-A.3-CABN.1-UA.ARMY.MIL,1-PLT-2-INF-SQUAD,INFCO-A.3-CABN.1-UA.ARMY.MIL,AEBBC,FCS-SUGV,1
3-CA-BN-INF-CO-A-1-PLT-3-INF-SQUAD,1-PLT-3-INF-SQUAD.INFCO-A.3-CABN.1-UA.ARMY.MIL,1-PLT-3-INF-SQUAD,INFCO-A.3-CABN.1-UA.ARMY.MIL,AEBBD,FCS-ICV,1
3-CA-BN-INF-CO-A-1-PLT-3-INF-SQUAD,1-PLT-3-INF-SQUAD.INFCO-A.3-CABN.1-UA.ARMY.MIL,1-PLT-3-INF-SQUAD,INFCO-A.3-CABN.1-UA.ARMY.MIL,AEBBD,FCS-SUGV,1
3-CA-BN-INF-CO-A-1-PLT-WPN-SQUAD,1-PLT-WPN-SQUAD.INFCO-A.3-CABN.1-UA.ARMY.MIL,1-PLT-WPN-SQUAD,INFCO-A.3-CABN.1-UA.ARMY.MIL,AEBBE,FCS-ICV,1
3-CA-BN-INF-CO-A-1-PLT-WPN-SQUAD,1-PLT-WPN-SQUAD.INFCO-A.3-CABN.1-UA.ARMY.MIL,1-PLT-WPN-SQUAD,INFCO-A.3-CABN.1-UA.ARMY.MIL,AEBBE,FCS-SUGV,1
3-CA-BN-INF-CO-A-2-PLT-HQ,2-PLT-HQ.INFCO-A.3-CABN.1-UA.ARMY.MIL,2-PLT-HQ,INFCO-A.3-CABN.1-UA.ARMY.MIL,AEBCA,FCS-ARV-A,1
3-CA-BN-INF-CO-A-2-PLT-HQ,2-PLT-HQ.INFCO-A.3-CABN.1-UA.ARMY.MIL,2-PLT-HQ,INFCO-A.3-CABN.1-UA.ARMY.MIL,AEBCA,FCS-C2V,1
3-CA-BN-INF-CO-A-2-PLT-HQ,2-PLT-HQ.INFCO-A.3-CABN.1-UA.ARMY.MIL,2-PLT-HQ,INFCO-A.3-CABN.1-UA.ARMY.MIL,AEBCA,UAV-CL-I,1
3-CA-BN-INF-CO-A-2-PLT-1-INF-SQUAD,2-PLT-1-INF-SQUAD.INFCO-A.3-CABN.1-UA.ARMY.MIL,2-PLT-1-INF-SQUAD,INFCO-A.3-CABN.1-UA.ARMY.MIL,AEBCB,FCS-ICV,1
3-CA-BN-INF-CO-A-2-PLT-1-INF-SQUAD,2-PLT-1-INF-SQUAD.INFCO-A.3-CABN.1-UA.ARMY.MIL,2-PLT-1-INF-SQUAD,INFCO-A.3-CABN.1-UA.ARMY.MIL,AEBCB,FCS-SUGV,1
3-CA-BN-INF-CO-A-2-PLT-2-INF-SQUAD,2-PLT-2-INF-SQUAD.INFCO-A.3-CABN.1-UA.ARMY.MIL,2-PLT-2-INF-SQUAD,INFCO-A.3-CABN.1-UA.ARMY.MIL,AEBCC,FCS-ICV,1
3-CA-BN-INF-CO-A-2-PLT-2-INF-SQUAD,2-PLT-2-INF-SQUAD.INFCO-A.3-CABN.1-UA.ARMY.MIL,2-PLT-2-INF-SQUAD,INFCO-A.3-CABN.1-UA.ARMY.MIL,AEBCC,FCS-SUGV,1
3-CA-BN-INF-CO-A-2-PLT-3-INF-SQUAD,2-PLT-3-INF-SQUAD.INFCO-A.3-CABN.1-UA.ARMY.MIL,2-PLT-3-INF-SQUAD,INFCO-A.3-CABN.1-UA.ARMY.MIL,AEBCD,FCS-ICV,1
3-CA-BN-INF-CO-A-2-PLT-3-INF-SQUAD,2-PLT-3-INF-SQUAD.INFCO-A.3-CABN.1-UA.ARMY.MIL,2-PLT-3-INF-SQUAD,INFCO-A.3-CABN.1-UA.ARMY.MIL,AEBCD,FCS-SUGV,1
3-CA-BN-INF-CO-A-2-PLT-WPN-SQUAD,2-PLT-WPN-SQUAD.INFCO-A.3-CABN.1-UA.ARMY.MIL,2-PLT-WPN-SQUAD,INFCO-A.3-CABN.1-UA.ARMY.MIL,AEBCE,FCS-ICV,1
3-CA-BN-INF-CO-A-2-PLT-WPN-SQUAD,2-PLT-WPN-SQUAD.INFCO-A.3-CABN.1-UA.ARMY.MIL,2-PLT-WPN-SQUAD,INFCO-A.3-CABN.1-UA.ARMY.MIL,AEBCE,FCS-SUGV,1
3-CA-BN-INF-CO-A-3-PLT-HQ,3-PLT-HQ.INFCO-A.3-CABN.1-UA.ARMY.MIL,3-PLT-HQ,INFCO-A.3-CABN.1-UA.ARMY.MIL,AEBDA,FCS-ARV-A,1
3-CA-BN-INF-CO-A-3-PLT-HQ,3-PLT-HQ.INFCO-A.3-CABN.1-UA.ARMY.MIL,3-PLT-HQ,INFCO-A.3-CABN.1-UA.ARMY.MIL,AEBDA,FCS-C2V,1
3-CA-BN-INF-CO-A-3-PLT-HQ,3-PLT-HQ.INFCO-A.3-CABN.1-UA.ARMY.MIL,3-PLT-HQ,INFCO-A.3-CABN.1-UA.ARMY.MIL,AEBDA,UAV-CL-I,1
3-CA-BN-INF-CO-A-3-PLT-1-INF-SQUAD,3-PLT-1-INF-SQUAD.INFCO-A.3-CABN.1-UA.ARMY.MIL,3-PLT-1-INF-SQUAD,INFCO-A.3-CABN.1-UA.ARMY.MIL,AEBDB,FCS-ICV,1
3-CA-BN-INF-CO-A-3-PLT-1-INF-SQUAD,3-PLT-1-INF-SQUAD.INFCO-A.3-CABN.1-UA.ARMY.MIL,3-PLT-1-INF-SQUAD,INFCO-A.3-CABN.1-UA.ARMY.MIL,AEBDB,FCS-SUGV,1
3-CA-BN-INF-CO-A-3-PLT-2-INF-SQUAD,3-PLT-2-INF-SQUAD.INFCO-A.3-CABN.1-UA.ARMY.MIL,3-PLT-2-INF-SQUAD,INFCO-A.3-CABN.1-UA.ARMY.MIL,AEBDC,FCS-ICV,1
3-CA-BN-INF-CO-A-3-PLT-2-INF-SQUAD,3-PLT-2-INF-SQUAD.INFCO-A.3-CABN.1-UA.ARMY.MIL,3-PLT-2-INF-SQUAD,INFCO-A.3-CABN.1-UA.ARMY.MIL,AEBDC,FCS-SUGV,1
3-CA-BN-INF-CO-A-3-PLT-3-INF-SQUAD,3-PLT-3-INF-SQUAD.INFCO-A.3-CABN.1-UA.ARMY.MIL,3-PLT-3-INF-SQUAD,INFCO-A.3-CABN.1-UA.ARMY.MIL,AEBDD,FCS-ICV,1
3-CA-BN-INF-CO-A-3-PLT-3-INF-SQUAD,3-PLT-3-INF-SQUAD.INFCO-A.3-CABN.1-UA.ARMY.MIL,3-PLT-3-INF-SQUAD,INFCO-A.3-CABN.1-UA.ARMY.MIL,AEBDD,FCS-SUGV,1
3-CA-BN-INF-CO-A-3-PLT-WPN-SQUAD,3-PLT-WPN-SQUAD.INFCO-A.3-CABN.1-UA.ARMY.MIL,3-PLT-WPN-SQUAD,INFCO-A.3-CABN.1-UA.ARMY.MIL,AEBDE,FCS-ICV,1
3-CA-BN-INF-CO-A-3-PLT-WPN-SQUAD,3-PLT-WPN-SQUAD.INFCO-A.3-CABN.1-UA.ARMY.MIL,3-PLT-WPN-SQUAD,INFCO-A.3-CABN.1-UA.ARMY.MIL,AEBDE,FCS-SUGV,1
3-CA-BN-INF-CO-B-HQ,CO-HQ.INFCO-B.3-CABN.1-UA.ARMY.MIL,CO-HQ,INFCO-B.3-CABN.1-UA.ARMY.MIL,AECA,FCS-C2V,2
3-CA-BN-INF-CO-B-HQ,CO-HQ.INFCO-B.3-CABN.1-UA.ARMY.MIL,CO-HQ,INFCO-B.3-CABN.1-UA.ARMY.MIL,AECA,FTTS-U-C2,1
3-CA-BN-INF-CO-B-HQ,CO-HQ.INFCO-B.3-CABN.1-UA.ARMY.MIL,CO-HQ,INFCO-B.3-CABN.1-UA.ARMY.MIL,AECA,UAV-CL-II,3
3-CA-BN-INF-CO-B-1-PLT-HQ,1-PLT-HQ.INFCO-B.3-CABN.1-UA.ARMY.MIL,1-PLT-HQ,INFCO-B.3-CABN.1-UA.ARMY.MIL,AECBA,FCS-ARV-A,1
3-CA-BN-INF-CO-B-1-PLT-HQ,1-PLT-HQ.INFCO-B.3-CABN.1-UA.ARMY.MIL,1-PLT-HQ,INFCO-B.3-CABN.1-UA.ARMY.MIL,AECBA,FCS-C2V,1
3-CA-BN-INF-CO-B-1-PLT-HQ,1-PLT-HQ.INFCO-B.3-CABN.1-UA.ARMY.MIL,1-PLT-HQ,INFCO-B.3-CABN.1-UA.ARMY.MIL,AECBA,UAV-CL-I,1
3-CA-BN-INF-CO-B-1-PLT-1-INF-SQUAD,1-PLT-1-INF-SQUAD.INFCO-B.3-CABN.1-UA.ARMY.MIL,1-PLT-1-INF-SQUAD,INFCO-B.3-CABN.1-UA.ARMY.MIL,AECBB,FCS-ICV,1
3-CA-BN-INF-CO-B-1-PLT-1-INF-SQUAD,1-PLT-1-INF-SQUAD.INFCO-B.3-CABN.1-UA.ARMY.MIL,1-PLT-1-INF-SQUAD,INFCO-B.3-CABN.1-UA.ARMY.MIL,AECBB,FCS-SUGV,1
3-CA-BN-INF-CO-B-1-PLT-2-INF-SQUAD,1-PLT-2-INF-SQUAD.INFCO-B.3-CABN.1-UA.ARMY.MIL,1-PLT-2-INF-SQUAD,INFCO-B.3-CABN.1-UA.ARMY.MIL,AECBC,FCS-ICV,1
3-CA-BN-INF-CO-B-1-PLT-2-INF-SQUAD,1-PLT-2-INF-SQUAD.INFCO-B.3-CABN.1-UA.ARMY.MIL,1-PLT-2-INF-SQUAD,INFCO-B.3-CABN.1-UA.ARMY.MIL,AECBC,FCS-SUGV,1
3-CA-BN-INF-CO-B-1-PLT-3-INF-SQUAD,1-PLT-3-INF-SQUAD.INFCO-B.3-CABN.1-UA.ARMY.MIL,1-PLT-3-INF-SQUAD,INFCO-B.3-CABN.1-UA.ARMY.MIL,AECBD,FCS-ICV,1
3-CA-BN-INF-CO-B-1-PLT-3-INF-SQUAD,1-PLT-3-INF-SQUAD.INFCO-B.3-CABN.1-UA.ARMY.MIL,1-PLT-3-INF-SQUAD,INFCO-B.3-CABN.1-UA.ARMY.MIL,AECBD,FCS-SUGV,1
3-CA-BN-INF-CO-B-1-PLT-WPN-SQUAD,1-PLT-WPN-SQUAD.INFCO-B.3-CABN.1-UA.ARMY.MIL,1-PLT-WPN-SQUAD,INFCO-B.3-CABN.1-UA.ARMY.MIL,AECBE,FCS-ICV,1
3-CA-BN-INF-CO-B-1-PLT-WPN-SQUAD,1-PLT-WPN-SQUAD.INFCO-B.3-CABN.1-UA.ARMY.MIL,1-PLT-WPN-SQUAD,INFCO-B.3-CABN.1-UA.ARMY.MIL,AECBE,FCS-SUGV,1
3-CA-BN-INF-CO-B-2-PLT-HQ,2-PLT-HQ.INFCO-B.3-CABN.1-UA.ARMY.MIL,2-PLT-HQ,INFCO-B.3-CABN.1-UA.ARMY.MIL,AECCA,FCS-ARV-A,1
3-CA-BN-INF-CO-B-2-PLT-HQ,2-PLT-HQ.INFCO-B.3-CABN.1-UA.ARMY.MIL,2-PLT-HQ,INFCO-B.3-CABN.1-UA.ARMY.MIL,AECCA,FCS-C2V,1
3-CA-BN-INF-CO-B-2-PLT-HQ,2-PLT-HQ.INFCO-B.3-CABN.1-UA.ARMY.MIL,2-PLT-HQ,INFCO-B.3-CABN.1-UA.ARMY.MIL,AECCA,UAV-CL-I,1
3-CA-BN-INF-CO-B-2-PLT-1-INF-SQUAD,2-PLT-1-INF-SQUAD.INFCO-B.3-CABN.1-UA.ARMY.MIL,2-PLT-1-INF-SQUAD,INFCO-B.3-CABN.1-UA.ARMY.MIL,AECCB,FCS-ICV,1
3-CA-BN-INF-CO-B-2-PLT-1-INF-SQUAD,2-PLT-1-INF-SQUAD.INFCO-B.3-CABN.1-UA.ARMY.MIL,2-PLT-1-INF-SQUAD,INFCO-B.3-CABN.1-UA.ARMY.MIL,AECCB,FCS-SUGV,1
3-CA-BN-INF-CO-B-2-PLT-2-INF-SQUAD,2-PLT-2-INF-SQUAD.INFCO-B.3-CABN.1-UA.ARMY.MIL,2-PLT-2-INF-SQUAD,INFCO-B.3-CABN.1-UA.ARMY.MIL,AECCC,FCS-ICV,1
3-CA-BN-INF-CO-B-2-PLT-2-INF-SQUAD,2-PLT-2-INF-SQUAD.INFCO-B.3-CABN.1-UA.ARMY.MIL,2-PLT-2-INF-SQUAD,INFCO-B.3-CABN.1-UA.ARMY.MIL,AECCC,FCS-SUGV,1
3-CA-BN-INF-CO-B-2-PLT-3-INF-SQUAD,2-PLT-3-INF-SQUAD.INFCO-B.3-CABN.1-UA.ARMY.MIL,2-PLT-3-INF-SQUAD,INFCO-B.3-CABN.1-UA.ARMY.MIL,AECCD,FCS-ICV,1
3-CA-BN-INF-CO-B-2-PLT-3-INF-SQUAD,2-PLT-3-INF-SQUAD.INFCO-B.3-CABN.1-UA.ARMY.MIL,2-PLT-3-INF-SQUAD,INFCO-B.3-CABN.1-UA.ARMY.MIL,AECCD,FCS-SUGV,1
3-CA-BN-INF-CO-B-2-PLT-WPN-SQUAD,2-PLT-WPN-SQUAD.INFCO-B.3-CABN.1-UA.ARMY.MIL,2-PLT-WPN-SQUAD,INFCO-B.3-CABN.1-UA.ARMY.MIL,AECCE,FCS-ICV,1
3-CA-BN-INF-CO-B-2-PLT-WPN-SQUAD,2-PLT-WPN-SQUAD.INFCO-B.3-CABN.1-UA.ARMY.MIL,2-PLT-WPN-SQUAD,INFCO-B.3-CABN.1-UA.ARMY.MIL,AECCE,FCS-SUGV,1
3-CA-BN-INF-CO-B-3-PLT-HQ,3-PLT-HQ.INFCO-B.3-CABN.1-UA.ARMY.MIL,3-PLT-HQ,INFCO-B.3-CABN.1-UA.ARMY.MIL,AECDA,FCS-ARV-A,1
3-CA-BN-INF-CO-B-3-PLT-HQ,3-PLT-HQ.INFCO-B.3-CABN.1-UA.ARMY.MIL,3-PLT-HQ,INFCO-B.3-CABN.1-UA.ARMY.MIL,AECDA,FCS-C2V,1
3-CA-BN-INF-CO-B-3-PLT-HQ,3-PLT-HQ.INFCO-B.3-CABN.1-UA.ARMY.MIL,3-PLT-HQ,INFCO-B.3-CABN.1-UA.ARMY.MIL,AECDA,UAV-CL-I,1
3-CA-BN-INF-CO-B-3-PLT-1-INF-SQUAD,3-PLT-1-INF-SQUAD.INFCO-B.3-CABN.1-UA.ARMY.MIL,3-PLT-1-INF-SQUAD,INFCO-B.3-CABN.1-UA.ARMY.MIL,AECDB,FCS-ICV,1
3-CA-BN-INF-CO-B-3-PLT-1-INF-SQUAD,3-PLT-1-INF-SQUAD.INFCO-B.3-CABN.1-UA.ARMY.MIL,3-PLT-1-INF-SQUAD,INFCO-B.3-CABN.1-UA.ARMY.MIL,AECDB,FCS-SUGV,1
3-CA-BN-INF-CO-B-3-PLT-2-INF-SQUAD,3-PLT-2-INF-SQUAD.INFCO-B.3-CABN.1-UA.ARMY.MIL,3-PLT-2-INF-SQUAD,INFCO-B.3-CABN.1-UA.ARMY.MIL,AECDC,FCS-ICV,1
3-CA-BN-INF-CO-B-3-PLT-2-INF-SQUAD,3-PLT-2-INF-SQUAD.INFCO-B.3-CABN.1-UA.ARMY.MIL,3-PLT-2-INF-SQUAD,INFCO-B.3-CABN.1-UA.ARMY.MIL,AECDC,FCS-SUGV,1
3-CA-BN-INF-CO-B-3-PLT-3-INF-SQUAD,3-PLT-3-INF-SQUAD.INFCO-B.3-CABN.1-UA.ARMY.MIL,3-PLT-3-INF-SQUAD,INFCO-B.3-CABN.1-UA.ARMY.MIL,AECDD,FCS-ICV,1
3-CA-BN-INF-CO-B-3-PLT-3-INF-SQUAD,3-PLT-3-INF-SQUAD.INFCO-B.3-CABN.1-UA.ARMY.MIL,3-PLT-3-INF-SQUAD,INFCO-B.3-CABN.1-UA.ARMY.MIL,AECDD,FCS-SUGV,1
3-CA-BN-INF-CO-B-3-PLT-WPN-SQUAD,3-PLT-WPN-SQUAD.INFCO-B.3-CABN.1-UA.ARMY.MIL,3-PLT-WPN-SQUAD,INFCO-B.3-CABN.1-UA.ARMY.MIL,AECDE,FCS-ICV,1
3-CA-BN-INF-CO-B-3-PLT-WPN-SQUAD,3-PLT-WPN-SQUAD.INFCO-B.3-CABN.1-UA.ARMY.MIL,3-PLT-WPN-SQUAD,INFCO-B.3-CABN.1-UA.ARMY.MIL,AECDE,FCS-SUGV,1
3-CA-BN-MCS-CO-A-HQ,CO-HQ.MCSCO-A.3-CABN.1-UA.ARMY.MIL,CO-HQ,MCSCO-A.3-CABN.1-UA.ARMY.MIL,AEDA,FCS-C2V,2
3-CA-BN-MCS-CO-A-HQ,CO-HQ.MCSCO-A.3-CABN.1-UA.ARMY.MIL,CO-HQ,MCSCO-A.3-CABN.1-UA.ARMY.MIL,AEDA,FTTS-U-C2,1
3-CA-BN-MCS-CO-A-HQ,CO-HQ.MCSCO-A.3-CABN.1-UA.ARMY.MIL,CO-HQ,MCSCO-A.3-CABN.1-UA.ARMY.MIL,AEDA,UAV-CL-II,3
3-CA-BN-MCS-CO-A-1-PLT,1-PLT.MCSCO-A.3-CABN.1-UA.ARMY.MIL,1-PLT,MCSCO-A.3-CABN.1-UA.ARMY.MIL,AEDB,FCS-ARV-R,1
3-CA-BN-MCS-CO-A-1-PLT,1-PLT.MCSCO-A.3-CABN.1-UA.ARMY.MIL,1-PLT,MCSCO-A.3-CABN.1-UA.ARMY.MIL,AEDB,FCS-MCS,3
3-CA-BN-MCS-CO-A-2-PLT,2-PLT.MCSCO-A.3-CABN.1-UA.ARMY.MIL,2-PLT,MCSCO-A.3-CABN.1-UA.ARMY.MIL,AEDC,FCS-ARV-R,1
3-CA-BN-MCS-CO-A-2-PLT,2-PLT.MCSCO-A.3-CABN.1-UA.ARMY.MIL,2-PLT,MCSCO-A.3-CABN.1-UA.ARMY.MIL,AEDC,FCS-MCS,3
3-CA-BN-MCS-CO-A-3-PLT,3-PLT.MCSCO-A.3-CABN.1-UA.ARMY.MIL,3-PLT,MCSCO-A.3-CABN.1-UA.ARMY.MIL,AEDD,FCS-ARV-R,1
3-CA-BN-MCS-CO-A-3-PLT,3-PLT.MCSCO-A.3-CABN.1-UA.ARMY.MIL,3-PLT,MCSCO-A.3-CABN.1-UA.ARMY.MIL,AEDD,FCS-MCS,3
3-CA-BN-MCS-CO-B-HQ,CO-HQ.MCSCO-B.3-CABN.1-UA.ARMY.MIL,CO-HQ,MCSCO-B.3-CABN.1-UA.ARMY.MIL,AEEA,FCS-C2V,2
3-CA-BN-MCS-CO-B-HQ,CO-HQ.MCSCO-B.3-CABN.1-UA.ARMY.MIL,CO-HQ,MCSCO-B.3-CABN.1-UA.ARMY.MIL,AEEA,FTTS-U-C2,1
3-CA-BN-MCS-CO-B-HQ,CO-HQ.MCSCO-B.3-CABN.1-UA.ARMY.MIL,CO-HQ,MCSCO-B.3-CABN.1-UA.ARMY.MIL,AEEA,UAV-CL-II,3
3-CA-BN-MCS-CO-B-1-PLT,1-PLT.MCSCO-B.3-CABN.1-UA.ARMY.MIL,1-PLT,MCSCO-B.3-CABN.1-UA.ARMY.MIL,AEEB,FCS-ARV-R,1
3-CA-BN-MCS-CO-B-1-PLT,1-PLT.MCSCO-B.3-CABN.1-UA.ARMY.MIL,1-PLT,MCSCO-B.3-CABN.1-UA.ARMY.MIL,AEEB,FCS-MCS,3
3-CA-BN-MCS-CO-B-2-PLT,2-PLT.MCSCO-B.3-CABN.1-UA.ARMY.MIL,2-PLT,MCSCO-B.3-CABN.1-UA.ARMY.MIL,AEEC,FCS-ARV-R,1
3-CA-BN-MCS-CO-B-2-PLT,2-PLT.MCSCO-B.3-CABN.1-UA.ARMY.MIL,2-PLT,MCSCO-B.3-CABN.1-UA.ARMY.MIL,AEEC,FCS-MCS,3
3-CA-BN-MCS-CO-B-3-PLT,3-PLT.MCSCO-B.3-CABN.1-UA.ARMY.MIL,3-PLT,MCSCO-B.3-CABN.1-UA.ARMY.MIL,AEED,FCS-ARV-R,1
3-CA-BN-MCS-CO-B-3-PLT,3-PLT.MCSCO-B.3-CABN.1-UA.ARMY.MIL,3-PLT,MCSCO-B.3-CABN.1-UA.ARMY.MIL,AEED,FCS-MCS,3
3-CA-BN-RECON-DET-HQ,DET-HQ.RECON-DET.3-CABN.1-UA.ARMY.MIL,DET-HQ,RECON-DET.3-CABN.1-UA.ARMY.MIL,AEFA,FCS-C2V,1
3-CA-BN-RECON-DET-HQ,DET-HQ.RECON-DET.3-CABN.1-UA.ARMY.MIL,DET-HQ,RECON-DET.3-CABN.1-UA.ARMY.MIL,AEFA,FTTS-MS,3
3-CA-BN-RECON-DET-HQ,DET-HQ.RECON-DET.3-CABN.1-UA.ARMY.MIL,DET-HQ,RECON-DET.3-CABN.1-UA.ARMY.MIL,AEFA,FTTS-U-SPT,1
3-CA-BN-RECON-DET-HQ,DET-HQ.RECON-DET.3-CABN.1-UA.ARMY.MIL,DET-HQ,RECON-DET.3-CABN.1-UA.ARMY.MIL,AEFA,UAV-CL-III-LCU,3
3-CA-BN-RECON-DET-1-PLT,1-PLT.RECON-DET.3-CABN.1-UA.ARMY.MIL,1-PLT,RECON-DET.3-CABN.1-UA.ARMY.MIL,AEFB,FCS-ARV-R,1
3-CA-BN-RECON-DET-1-PLT,1-PLT.RECON-DET.3-CABN.1-UA.ARMY.MIL,1-PLT,RECON-DET.3-CABN.1-UA.ARMY.MIL,AEFB,FCS-RS-V,3
3-CA-BN-RECON-DET-1-PLT,1-PLT.RECON-DET.3-CABN.1-UA.ARMY.MIL,1-PLT,RECON-DET.3-CABN.1-UA.ARMY.MIL,AEFB,FCS-SUGV,3
3-CA-BN-RECON-DET-1-PLT,1-PLT.RECON-DET.3-CABN.1-UA.ARMY.MIL,1-PLT,RECON-DET.3-CABN.1-UA.ARMY.MIL,AEFB,UAV-CL-I,3
3-CA-BN-RECON-DET-2-PLT,2-PLT.RECON-DET.3-CABN.1-UA.ARMY.MIL,2-PLT,RECON-DET.3-CABN.1-UA.ARMY.MIL,AEFC,FCS-ARV-R,1
3-CA-BN-RECON-DET-2-PLT,2-PLT.RECON-DET.3-CABN.1-UA.ARMY.MIL,2-PLT,RECON-DET.3-CABN.1-UA.ARMY.MIL,AEFC,FCS-RS-V,3
3-CA-BN-RECON-DET-2-PLT,2-PLT.RECON-DET.3-CABN.1-UA.ARMY.MIL,2-PLT,RECON-DET.3-CABN.1-UA.ARMY.MIL,AEFC,FCS-SUGV,3
3-CA-BN-RECON-DET-2-PLT,2-PLT.RECON-DET.3-CABN.1-UA.ARMY.MIL,2-PLT,RECON-DET.3-CABN.1-UA.ARMY.MIL,AEFC,UAV-CL-I,3
3-CA-BN-RECON-DET-3-PLT,3-PLT.RECON-DET.3-CABN.1-UA.ARMY.MIL,3-PLT,RECON-DET.3-CABN.1-UA.ARMY.MIL,AEFD,FCS-ARV-R,1
3-CA-BN-RECON-DET-3-PLT,3-PLT.RECON-DET.3-CABN.1-UA.ARMY.MIL,3-PLT,RECON-DET.3-CABN.1-UA.ARMY.MIL,AEFD,FCS-RS-V,3
3-CA-BN-RECON-DET-3-PLT,3-PLT.RECON-DET.3-CABN.1-UA.ARMY.MIL,3-PLT,RECON-DET.3-CABN.1-UA.ARMY.MIL,AEFD,FCS-SUGV,3
3-CA-BN-RECON-DET-3-PLT,3-PLT.RECON-DET.3-CABN.1-UA.ARMY.MIL,3-PLT,RECON-DET.3-CABN.1-UA.ARMY.MIL,AEFD,UAV-CL-I,3
3-CA-BN-MORTAR-BTY-HQ,BTY-HQ.MORTAR-BTY.3-CABN.1-UA.ARMY.MIL,BTY-HQ,MORTAR-BTY.3-CABN.1-UA.ARMY.MIL,AEGA,FTTS-U-C2,2
3-CA-BN-MORTAR-BTY-HQ,BTY-HQ.MORTAR-BTY.3-CABN.1-UA.ARMY.MIL,BTY-HQ,MORTAR-BTY.3-CABN.1-UA.ARMY.MIL,AEGA,FTTS-U-SPT,1
3-CA-BN-MORTAR-BTY-1-PLT,1-PLT.MORTAR-BTY.3-CABN.1-UA.ARMY.MIL,1-PLT,MORTAR-BTY.3-CABN.1-UA.ARMY.MIL,AEGB,FTTS-MS,2
3-CA-BN-MORTAR-BTY-1-PLT,1-PLT.MORTAR-BTY.3-CABN.1-UA.ARMY.MIL,1-PLT,MORTAR-BTY.3-CABN.1-UA.ARMY.MIL,AEGB,NLOS-Mortar,4
3-CA-BN-MORTAR-BTY-2-PLT,2-PLT.MORTAR-BTY.3-CABN.1-UA.ARMY.MIL,2-PLT,MORTAR-BTY.3-CABN.1-UA.ARMY.MIL,AEGC,FTTS-MS,2
3-CA-BN-MORTAR-BTY-2-PLT,2-PLT.MORTAR-BTY.3-CABN.1-UA.ARMY.MIL,2-PLT,MORTAR-BTY.3-CABN.1-UA.ARMY.MIL,AEGC,NLOS-Mortar,4
AVN-DET-HQ,DET-HQ.AVN-DET.1-UA.ARMY.MIL,DET-HQ,AVN-DET.1-UA.ARMY.MIL,AFA,FCS-C2V,2
AVN-DET-HQ,DET-HQ.AVN-DET.1-UA.ARMY.MIL,DET-HQ,AVN-DET.1-UA.ARMY.MIL,AFA,FTTS-U-C2,1
AVN-DET-FLT-TRP-A-HQ,FLT-TRP-A-HQ.AVN-DET.1-UA.ARMY.MIL,FLT-TRP-A-HQ,AVN-DET.1-UA.ARMY.MIL,AFBA,FTTS-U-C2,1
AVN-DET-FLT-TRP-A-HQ,FLT-TRP-A-HQ.AVN-DET.1-UA.ARMY.MIL,FLT-TRP-A-HQ,AVN-DET.1-UA.ARMY.MIL,AFBA,FTTS-U-SPT,1
AVN-DET-FLT-TRP-A-1-PLT,FLT-TRP-A-1-PLT.AVN-DET.1-UA.ARMY.MIL,FLT-TRP-A-1-PLT,AVN-DET.1-UA.ARMY.MIL,AFBB,FTTS-U-SPT,2
AVN-DET-FLT-TRP-A-1-PLT,FLT-TRP-A-1-PLT.AVN-DET.1-UA.ARMY.MIL,FLT-TRP-A-1-PLT,AVN-DET.1-UA.ARMY.MIL,AFBB,RAH-66,3
AVN-DET-FLT-TRP-A-2-PLT,FLT-TRP-A-2-PLT.AVN-DET.1-UA.ARMY.MIL,FLT-TRP-A-2-PLT,AVN-DET.1-UA.ARMY.MIL,AFBC,FTTS-U-SPT,2
AVN-DET-FLT-TRP-A-2-PLT,FLT-TRP-A-2-PLT.AVN-DET.1-UA.ARMY.MIL,FLT-TRP-A-2-PLT,AVN-DET.1-UA.ARMY.MIL,AFBC,RAH-66,3
AVN-DET-FLT-TRP-A-SPT-PLT,FLT-TRP-A-SPT-PLT.AVN-DET.1-UA.ARMY.MIL,FLT-TRP-A-SPT-PLT,AVN-DET.1-UA.ARMY.MIL,AFBD,FTTS-U-C2,1
AVN-DET-FLT-TRP-A-SPT-PLT,FLT-TRP-A-SPT-PLT.AVN-DET.1-UA.ARMY.MIL,FLT-TRP-A-SPT-PLT,AVN-DET.1-UA.ARMY.MIL,AFBD,FTTS-U-SPT,3
AVN-DET-FLT-TRP-A-SPT-PLT,FLT-TRP-A-SPT-PLT.AVN-DET.1-UA.ARMY.MIL,FLT-TRP-A-SPT-PLT,AVN-DET.1-UA.ARMY.MIL,AFBD,UAV-CL-IV-LCU,1
AVN-DET-FLT-TRP-B-HQ,FLT-TRP-B-HQ.AVN-DET.1-UA.ARMY.MIL,FLT-TRP-B-HQ,AVN-DET.1-UA.ARMY.MIL,AFCA,FTTS-U-C2,1
AVN-DET-FLT-TRP-B-HQ,FLT-TRP-B-HQ.AVN-DET.1-UA.ARMY.MIL,FLT-TRP-B-HQ,AVN-DET.1-UA.ARMY.MIL,AFCA,FTTS-U-SPT,1
AVN-DET-FLT-TRP-B-1-PLT,FLT-TRP-B-1-PLT.AVN-DET.1-UA.ARMY.MIL,FLT-TRP-B-1-PLT,AVN-DET.1-UA.ARMY.MIL,AFCB,FTTS-U-SPT,2
AVN-DET-FLT-TRP-B-1-PLT,FLT-TRP-B-1-PLT.AVN-DET.1-UA.ARMY.MIL,FLT-TRP-B-1-PLT,AVN-DET.1-UA.ARMY.MIL,AFCB,RAH-66,3
AVN-DET-FLT-TRP-B-2-PLT,FLT-TRP-B-2-PLT.AVN-DET.1-UA.ARMY.MIL,FLT-TRP-B-2-PLT,AVN-DET.1-UA.ARMY.MIL,AFCC,FTTS-U-SPT,2
AVN-DET-FLT-TRP-B-2-PLT,FLT-TRP-B-2-PLT.AVN-DET.1-UA.ARMY.MIL,FLT-TRP-B-2-PLT,AVN-DET.1-UA.ARMY.MIL,AFCC,RAH-66,3
AVN-DET-FLT-TRP-B-SPT-PLT,FLT-TRP-B-SPT-PLT.AVN-DET.1-UA.ARMY.MIL,FLT-TRP-B-SPT-PLT,AVN-DET.1-UA.ARMY.MIL,AFCD,FTTS-U-C2,1
AVN-DET-FLT-TRP-B-SPT-PLT,FLT-TRP-B-SPT-PLT.AVN-DET.1-UA.ARMY.MIL,FLT-TRP-B-SPT-PLT,AVN-DET.1-UA.ARMY.MIL,AFCD,FTTS-U-SPT,3
AVN-DET-FLT-TRP-B-SPT-PLT,FLT-TRP-B-SPT-PLT.AVN-DET.1-UA.ARMY.MIL,FLT-TRP-B-SPT-PLT,AVN-DET.1-UA.ARMY.MIL,AFCD,UAV-CL-IV-LCU,1
AVN-DET-SVC-TRP-HQ,SVC-TRP-HQ.AVN-DET.1-UA.ARMY.MIL,SVC-TRP-HQ,AVN-DET.1-UA.ARMY.MIL,AFDA,FTTS-MS,1
AVN-DET-SVC-TRP-HQ,SVC-TRP-HQ.AVN-DET.1-UA.ARMY.MIL,SVC-TRP-HQ,AVN-DET.1-UA.ARMY.MIL,AFDA,FTTS-U-C2,1
AVN-DET-SVC-TRP-HQ,SVC-TRP-HQ.AVN-DET.1-UA.ARMY.MIL,SVC-TRP-HQ,AVN-DET.1-UA.ARMY.MIL,AFDA,FTTS-U-SPT,2
AVN-DET-SVC-TRP-MAINT-PLT-HQ,SVC-TRP-MAINT-PLT-HQ.AVN-DET.1-UA.ARMY.MIL,SVC-TRP-MAINT-PLT-HQ,AVN-DET.1-UA.ARMY.MIL,AFDBA,FTTS-U-SPT,1
AVN-DET-SVC-TRP-ARMT-ELEC-REPAIR-SECTION,SVC-TRP-ARMT-ELEC-REPAIR-SECTION.AVN-DET.1-UA.ARMY.MIL,SVC-TRP-ARMT-ELEC-REPAIR-SECTION,AVN-DET.1-UA.ARMY.MIL,AFDBB,FTTS-MS,2
AVN-DET-SVC-TRP-ARMT-ELEC-REPAIR-SECTION,SVC-TRP-ARMT-ELEC-REPAIR-SECTION.AVN-DET.1-UA.ARMY.MIL,SVC-TRP-ARMT-ELEC-REPAIR-SECTION,AVN-DET.1-UA.ARMY.MIL,AFDBB,FTTS-U-SPT,2
AVN-DET-SVC-TRP-AIRCRAFT-REPAIR-SECTION,SVC-TRP-AIRCRAFT-REPAIR-SECTION.AVN-DET.1-UA.ARMY.MIL,SVC-TRP-AIRCRAFT-REPAIR-SECTION,AVN-DET.1-UA.ARMY.MIL,AFDBC,FTTS-U-SPT,2
AVN-DET-SVC-TRP-AIRFRAME-REPAIR-SECTION,SVC-TRP-AIRFRAME-REPAIR-SECTION.AVN-DET.1-UA.ARMY.MIL,SVC-TRP-AIRFRAME-REPAIR-SECTION,AVN-DET.1-UA.ARMY.MIL,AFDBD,FTTS-MS,1
AVN-DET-SVC-TRP-AIRFRAME-REPAIR-SECTION,SVC-TRP-AIRFRAME-REPAIR-SECTION.AVN-DET.1-UA.ARMY.MIL,SVC-TRP-AIRFRAME-REPAIR-SECTION,AVN-DET.1-UA.ARMY.MIL,AFDBD,FTTS-U-SPT,1
AVN-DET-SVC-TRP-SUPPORT-PLT,SVC-TRP-SUPPORT-PLT.AVN-DET.1-UA.ARMY.MIL,SVC-TRP-SUPPORT-PLT,AVN-DET.1-UA.ARMY.MIL,AFDC,FTTS-MS,6
AVN-DET-SVC-TRP-SUPPORT-PLT,SVC-TRP-SUPPORT-PLT.AVN-DET.1-UA.ARMY.MIL,SVC-TRP-SUPPORT-PLT,AVN-DET.1-UA.ARMY.MIL,AFDC,FTTS-U-SPT,4
NLOS-BN-BTRY-HQ,BTY-HQ.NLOS-BN.1-UA.ARMY.MIL,BTY-HQ,NLOS-BN.1-UA.ARMY.MIL,AGAA,FTTS-U-SPT,1
NLOS-BN-CIC-CMD-GRP,CIC-CMD-GRP.NLOS-BN.1-UA.ARMY.MIL,CIC-CMD-GRP,NLOS-BN.1-UA.ARMY.MIL,AGABA,FTTS-U-C2,2
NLOS-BN-CIC-CMD-GRP,CIC-CMD-GRP.NLOS-BN.1-UA.ARMY.MIL,CIC-CMD-GRP,NLOS-BN.1-UA.ARMY.MIL,AGABA,FTTS-U-SPT,2
NLOS-BN-CIC-STAFF-CELLS,CIC-STAFF-CELLS.NLOS-BN.1-UA.ARMY.MIL,CIC-STAFF-CELLS,NLOS-BN.1-UA.ARMY.MIL,AGABB,FCS-C2V,2
NLOS-BN-NLOS-LS-PLT,NLOS-LS-PLT.NLOS-BN.1-UA.ARMY.MIL,NLOS-LS-PLT,NLOS-BN.1-UA.ARMY.MIL,AGAC,FTTS-MS,12
NLOS-BN-NLOS-LS-PLT,NLOS-LS-PLT.NLOS-BN.1-UA.ARMY.MIL,NLOS-LS-PLT,NLOS-BN.1-UA.ARMY.MIL,AGAC,FTTS-U-SPT,1
NLOS-BN-NLOS-LS-PLT,NLOS-LS-PLT.NLOS-BN.1-UA.ARMY.MIL,NLOS-LS-PLT,NLOS-BN.1-UA.ARMY.MIL,AGAC,NLOS-LS,24
NLOS-BN-SENSOR-PLT-HQ,SENSOR-PLT-HQ.NLOS-BN.1-UA.ARMY.MIL,SENSOR-PLT-HQ,NLOS-BN.1-UA.ARMY.MIL,AGADA,FCS-C2V,1
NLOS-BN-RADAR-SECTION,RADAR-SECTION.NLOS-BN.1-UA.ARMY.MIL,RADAR-SECTION,NLOS-BN.1-UA.ARMY.MIL,AGADB,FCS-MMR,6
NLOS-BN-RADAR-SECTION,RADAR-SECTION.NLOS-BN.1-UA.ARMY.MIL,RADAR-SECTION,NLOS-BN.1-UA.ARMY.MIL,AGADB,FTTS-U-SPT,6
NLOS-BN-UAV-CL-III-SECTION,UAV-CL-III-SECTION.NLOS-BN.1-UA.ARMY.MIL,UAV-CL-III-SECTION,NLOS-BN.1-UA.ARMY.MIL,AGADC,FTTS-MS,3
NLOS-BN-UAV-CL-III-SECTION,UAV-CL-III-SECTION.NLOS-BN.1-UA.ARMY.MIL,UAV-CL-III-SECTION,NLOS-BN.1-UA.ARMY.MIL,AGADC,FTTS-U-SPT,1
NLOS-BN-UAV-CL-III-SECTION,UAV-CL-III-SECTION.NLOS-BN.1-UA.ARMY.MIL,UAV-CL-III-SECTION,NLOS-BN.1-UA.ARMY.MIL,AGADC,UAV-CL-III-LCU,3
NLOS-BN-BTY-A-HQ,BTY-A-HQ.NLOS-BN.1-UA.ARMY.MIL,BTY-A-HQ,NLOS-BN.1-UA.ARMY.MIL,AGBA,FTTS-U-C2,2
NLOS-BN-BTY-A-1-CANNON-PLT,BTY-A-1-CANNON-PLT.NLOS-BN.1-UA.ARMY.MIL,BTY-A-1-CANNON-PLT,NLOS-BN.1-UA.ARMY.MIL,AGBB,FTTS-MS,6
NLOS-BN-BTY-A-1-CANNON-PLT,BTY-A-1-CANNON-PLT.NLOS-BN.1-UA.ARMY.MIL,BTY-A-1-CANNON-PLT,NLOS-BN.1-UA.ARMY.MIL,AGBB,NLOS-Cannon,3
NLOS-BN-BTY-A-1-CANNON-PLT,BTY-A-1-CANNON-PLT.NLOS-BN.1-UA.ARMY.MIL,BTY-A-1-CANNON-PLT,NLOS-BN.1-UA.ARMY.MIL,AGBB,NLOS-LS,6
NLOS-BN-BTY-A-1-CANNON-PLT,BTY-A-1-CANNON-PLT.NLOS-BN.1-UA.ARMY.MIL,BTY-A-1-CANNON-PLT,NLOS-BN.1-UA.ARMY.MIL,AGBB,UAV-CL-I,1
NLOS-BN-BTY-A-2-CANNON-PLT,BTY-A-2-CANNON-PLT.NLOS-BN.1-UA.ARMY.MIL,BTY-A-2-CANNON-PLT,NLOS-BN.1-UA.ARMY.MIL,AGBC,FTTS-MS,6
NLOS-BN-BTY-A-2-CANNON-PLT,BTY-A-2-CANNON-PLT.NLOS-BN.1-UA.ARMY.MIL,BTY-A-2-CANNON-PLT,NLOS-BN.1-UA.ARMY.MIL,AGBC,NLOS-Cannon,3
NLOS-BN-BTY-A-2-CANNON-PLT,BTY-A-2-CANNON-PLT.NLOS-BN.1-UA.ARMY.MIL,BTY-A-2-CANNON-PLT,NLOS-BN.1-UA.ARMY.MIL,AGBC,NLOS-LS,6
NLOS-BN-BTY-A-2-CANNON-PLT,BTY-A-2-CANNON-PLT.NLOS-BN.1-UA.ARMY.MIL,BTY-A-2-CANNON-PLT,NLOS-BN.1-UA.ARMY.MIL,AGBC,UAV-CL-I,1
NLOS-BN-BTY-B-HQ,BTY-B-HQ.NLOS-BN.1-UA.ARMY.MIL,BTY-B-HQ,NLOS-BN.1-UA.ARMY.MIL,AGCA,FTTS-U-C2,2
NLOS-BN-BTY-B-1-CANNON-PLT,BTY-B-1-CANNON-PLT.NLOS-BN.1-UA.ARMY.MIL,BTY-B-1-CANNON-PLT,NLOS-BN.1-UA.ARMY.MIL,AGCB,FTTS-MS,6
NLOS-BN-BTY-B-1-CANNON-PLT,BTY-B-1-CANNON-PLT.NLOS-BN.1-UA.ARMY.MIL,BTY-B-1-CANNON-PLT,NLOS-BN.1-UA.ARMY.MIL,AGCB,NLOS-Cannon,3
NLOS-BN-BTY-B-1-CANNON-PLT,BTY-B-1-CANNON-PLT.NLOS-BN.1-UA.ARMY.MIL,BTY-B-1-CANNON-PLT,NLOS-BN.1-UA.ARMY.MIL,AGCB,NLOS-LS,6
NLOS-BN-BTY-B-1-CANNON-PLT,BTY-B-1-CANNON-PLT.NLOS-BN.1-UA.ARMY.MIL,BTY-B-1-CANNON-PLT,NLOS-BN.1-UA.ARMY.MIL,AGCB,UAV-CL-I,1
NLOS-BN-BTY-B-2-CANNON-PLT,BTY-B-2-CANNON-PLT.NLOS-BN.1-UA.ARMY.MIL,BTY-B-2-CANNON-PLT,NLOS-BN.1-UA.ARMY.MIL,AGCC,FTTS-MS,6
NLOS-BN-BTY-B-2-CANNON-PLT,BTY-B-2-CANNON-PLT.NLOS-BN.1-UA.ARMY.MIL,BTY-B-2-CANNON-PLT,NLOS-BN.1-UA.ARMY.MIL,AGCC,NLOS-Cannon,3
NLOS-BN-BTY-B-2-CANNON-PLT,BTY-B-2-CANNON-PLT.NLOS-BN.1-UA.ARMY.MIL,BTY-B-2-CANNON-PLT,NLOS-BN.1-UA.ARMY.MIL,AGCC,NLOS-LS,6
NLOS-BN-BTY-B-2-CANNON-PLT,BTY-B-2-CANNON-PLT.NLOS-BN.1-UA.ARMY.MIL,BTY-B-2-CANNON-PLT,NLOS-BN.1-UA.ARMY.MIL,AGCC,UAV-CL-I,1
NLOS-BN-BTY-C-HQ,BTY-C-HQ.NLOS-BN.1-UA.ARMY.MIL,BTY-C-HQ,NLOS-BN.1-UA.ARMY.MIL,AGDA,FTTS-U-C2,2
NLOS-BN-BTY-C-1-CANNON-PLT,BTY-C-1-CANNON-PLT.NLOS-BN.1-UA.ARMY.MIL,BTY-C-1-CANNON-PLT,NLOS-BN.1-UA.ARMY.MIL,AGDB,FTTS-MS,6
NLOS-BN-BTY-C-1-CANNON-PLT,BTY-C-1-CANNON-PLT.NLOS-BN.1-UA.ARMY.MIL,BTY-C-1-CANNON-PLT,NLOS-BN.1-UA.ARMY.MIL,AGDB,NLOS-Cannon,3
NLOS-BN-BTY-C-1-CANNON-PLT,BTY-C-1-CANNON-PLT.NLOS-BN.1-UA.ARMY.MIL,BTY-C-1-CANNON-PLT,NLOS-BN.1-UA.ARMY.MIL,AGDB,NLOS-LS,6
NLOS-BN-BTY-C-1-CANNON-PLT,BTY-C-1-CANNON-PLT.NLOS-BN.1-UA.ARMY.MIL,BTY-C-1-CANNON-PLT,NLOS-BN.1-UA.ARMY.MIL,AGDB,UAV-CL-I,1
NLOS-BN-BTY-C-2-CANNON-PLT,BTY-C-2-CANNON-PLT.NLOS-BN.1-UA.ARMY.MIL,BTY-C-2-CANNON-PLT,NLOS-BN.1-UA.ARMY.MIL,AGDC,FTTS-MS,6
NLOS-BN-BTY-C-2-CANNON-PLT,BTY-C-2-CANNON-PLT.NLOS-BN.1-UA.ARMY.MIL,BTY-C-2-CANNON-PLT,NLOS-BN.1-UA.ARMY.MIL,AGDC,NLOS-Cannon,3
NLOS-BN-BTY-C-2-CANNON-PLT,BTY-C-2-CANNON-PLT.NLOS-BN.1-UA.ARMY.MIL,BTY-C-2-CANNON-PLT,NLOS-BN.1-UA.ARMY.MIL,AGDC,NLOS-LS,6
NLOS-BN-BTY-C-2-CANNON-PLT,BTY-C-2-CANNON-PLT.NLOS-BN.1-UA.ARMY.MIL,BTY-C-2-CANNON-PLT,NLOS-BN.1-UA.ARMY.MIL,AGDC,UAV-CL-I,1
FSB-CO-HQ,CO-HQ.FSB.1-UA.ARMY.MIL,CO-HQ,FSB.1-UA.ARMY.MIL,AHAA,FTTS-MS,1
FSB-CO-HQ,CO-HQ.FSB.1-UA.ARMY.MIL,CO-HQ,FSB.1-UA.ARMY.MIL,AHAA,FTTS-U-C2,1
FSB-CO-HQ,CO-HQ.FSB.1-UA.ARMY.MIL,CO-HQ,FSB.1-UA.ARMY.MIL,AHAA,FTTS-U-SPT,1
FSB-CO-HQ,CO-HQ.FSB.1-UA.ARMY.MIL,CO-HQ,FSB.1-UA.ARMY.MIL,AHAA,UAV-CL-I,1
FSB-CIC,CIC.FSB.1-UA.ARMY.MIL,CIC,FSB.1-UA.ARMY.MIL,AHAB,FTTS-U-C2,2
FSB-CIC,CIC.FSB.1-UA.ARMY.MIL,CIC,FSB.1-UA.ARMY.MIL,AHAB,FTTS-U-SPT,1
FSB-DISTRO-MGT-CELL,DISTRO-MGT-CELL.FSB.1-UA.ARMY.MIL,DISTRO-MGT-CELL,FSB.1-UA.ARMY.MIL,AHAC,FTTS-MS,2
FSB-DISTRO-MGT-CELL,DISTRO-MGT-CELL.FSB.1-UA.ARMY.MIL,DISTRO-MGT-CELL,FSB.1-UA.ARMY.MIL,AHAC,FTTS-U-C2,2
FSB-DISTRO-MGT-CELL,DISTRO-MGT-CELL.FSB.1-UA.ARMY.MIL,DISTRO-MGT-CELL,FSB.1-UA.ARMY.MIL,AHAC,FTTS-U-SPT,2
FSB-STAFF-CELL,STAFF-CELL.FSB.1-UA.ARMY.MIL,STAFF-CELL,FSB.1-UA.ARMY.MIL,AHAD,FTTS-MS,2
FSB-STAFF-CELL,STAFF-CELL.FSB.1-UA.ARMY.MIL,STAFF-CELL,FSB.1-UA.ARMY.MIL,AHAD,FTTS-U-C2,3
FSB-STAFF-CELL,STAFF-CELL.FSB.1-UA.ARMY.MIL,STAFF-CELL,FSB.1-UA.ARMY.MIL,AHAD,FTTS-U-SPT,3
FSB-MED-CO-HQ,MED-CO-HQ.FSB.1-UA.ARMY.MIL,MED-CO-HQ,FSB.1-UA.ARMY.MIL,AHBA,FTTS-U-C2,1
FSB-MED-CO-HQ,MED-CO-HQ.FSB.1-UA.ARMY.MIL,MED-CO-HQ,FSB.1-UA.ARMY.MIL,AHBA,FTTS-U-SPT,2
FSB-MED-CO-HQ,MED-CO-HQ.FSB.1-UA.ARMY.MIL,MED-CO-HQ,FSB.1-UA.ARMY.MIL,AHBA,UAV-CL-I,1
FSB-TREATMENT-PLT,TREATMENT-PLT.FSB.1-UA.ARMY.MIL,TREATMENT-PLT,FSB.1-UA.ARMY.MIL,AHBB,FCS-MV,3
FSB-TREATMENT-PLT,TREATMENT-PLT.FSB.1-UA.ARMY.MIL,TREATMENT-PLT,FSB.1-UA.ARMY.MIL,AHBB,FTTS-MS,1
FSB-TREATMENT-PLT,TREATMENT-PLT.FSB.1-UA.ARMY.MIL,TREATMENT-PLT,FSB.1-UA.ARMY.MIL,AHBB,FTTS-U-SPT,2
FSB-HOLDING-DET,HOLDING-DET.FSB.1-UA.ARMY.MIL,HOLDING-DET,FSB.1-UA.ARMY.MIL,AHBC,FTTS-MS,1
FSB-HOLDING-DET,HOLDING-DET.FSB.1-UA.ARMY.MIL,HOLDING-DET,FSB.1-UA.ARMY.MIL,AHBC,FTTS-U-SPT,1
FSB-SURG-PLT,SURG-PLT.FSB.1-UA.ARMY.MIL,SURG-PLT,FSB.1-UA.ARMY.MIL,AHBD,FTTS-U-SPT,6
FSB-EVAC-PLT-HQ,EVAC-PLT-HQ.FSB.1-UA.ARMY.MIL,EVAC-PLT-HQ,FSB.1-UA.ARMY.MIL,AHBEA,FTTS-U-C2,1
FSB-AREA-SPT-EVAC-SECTION,AREA-SPT-EVAC-SECTION.FSB.1-UA.ARMY.MIL,AREA-SPT-EVAC-SECTION,FSB.1-UA.ARMY.MIL,AHBEB,FTTS-AMB,4
FSB-FWD-EVAC-SECTION,FWD-EVAC-SECTION.FSB.1-UA.ARMY.MIL,FWD-EVAC-SECTION,FSB.1-UA.ARMY.MIL,AHBEC,FCS-MV,4
FSB-SUSTAIN-CO-HQ,SUSTAIN-CO-HQ.FSB.1-UA.ARMY.MIL,SUSTAIN-CO-HQ,FSB.1-UA.ARMY.MIL,AHCA,FTTS-MS,1
FSB-SUSTAIN-CO-HQ,SUSTAIN-CO-HQ.FSB.1-UA.ARMY.MIL,SUSTAIN-CO-HQ,FSB.1-UA.ARMY.MIL,AHCA,FTTS-U-C2,1
FSB-SUSTAIN-CO-HQ,SUSTAIN-CO-HQ.FSB.1-UA.ARMY.MIL,SUSTAIN-CO-HQ,FSB.1-UA.ARMY.MIL,AHCA,FTTS-U-SPT,1
FSB-SUSTAIN-CO-HQ,SUSTAIN-CO-HQ.FSB.1-UA.ARMY.MIL,SUSTAIN-CO-HQ,FSB.1-UA.ARMY.MIL,AHCA,UAV-CL-I,1
FSB-MAINT-PLT,MAINT-PLT.FSB.1-UA.ARMY.MIL,MAINT-PLT,FSB.1-UA.ARMY.MIL,AHCB,FCS-RMV,10
FSB-MAINT-PLT,MAINT-PLT.FSB.1-UA.ARMY.MIL,MAINT-PLT,FSB.1-UA.ARMY.MIL,AHCB,FTTS-MS,6
FSB-MAINT-PLT,MAINT-PLT.FSB.1-UA.ARMY.MIL,MAINT-PLT,FSB.1-UA.ARMY.MIL,AHCB,FTTS-U-C2,1
FSB-DISTRO-PLT-HQ,DISTRO-PLT-HQ.FSB.1-UA.ARMY.MIL,DISTRO-PLT-HQ,FSB.1-UA.ARMY.MIL,AHCCA,FTTS-U-C2,1
FSB-DISTRO-PLT-HQ,DISTRO-PLT-HQ.FSB.1-UA.ARMY.MIL,DISTRO-PLT-HQ,FSB.1-UA.ARMY.MIL,AHCCA,FTTS-U-SPT,1
FSB-UAV-SUSTAIN-MAINT-SECTION,UAV-SUSTAIN-MAINT-SECTION.FSB.1-UA.ARMY.MIL,UAV-SUSTAIN-MAINT-SECTION,FSB.1-UA.ARMY.MIL,AHCCB,FTTS-MS,8
FSB-DRY-CARGO-SECTION,DRY-CARGO-SECTION.FSB.1-UA.ARMY.MIL,DRY-CARGO-SECTION,FSB.1-UA.ARMY.MIL,AHCCD,FTTS-MS,37
