order,orig_org_id,base_org_id,suffix,parent_org_id,parent_base_org_id,parent_org_id_suffix,superior_orig_org_id,superior_base_org_id,superior_suffix,org_code,org_nomenclature,org_type_id,echelon,rollup_code
1,UA,UA,ARMY.MIL,,,,,,,A,Unit-Of-Action,UA,,R
2,UA-HHC,UA-HHC,1-UA.ARMY.MIL,UA,,,UA,,,AA,Brigade-Headquarters,UA-HHC,,R
3,UA-MCG1,MCG1,1-UA.ARMY.MIL,UA-HHC,,,UA-HHC,,,AAA,UA-Mobile-CMD-Group-1,UA-MCG,,O
4,UA-MCG2,MCG2,1-UA.ARMY.MIL,UA-HHC,,,UA-MCG1,,,AAB,UA-Mobile-CMD-Group-2,UA-MCG,,O
5,UA-TACP,TACP,1-UA.ARMY.MIL,UA-HHC,,,UA-MCG1,,,AAC,UA-Tactical-Command-Post,UA-TACP,,O
6,UA-MED-SPT,MED-SPT,1-UA.ARMY.MIL,UA-HHC,,,UA-MCG1,,,AAD,UA-Medical-Support,UA-MED-SPT,,O
7,UA-CO-HQ-SECTION,UA-CO-HQ-SECTION,1-UA.ARMY.MIL,UA-HHC,,,UA-MCG1,,,AAE,UA-CO-HQ-Section,UA-CO-HQ-SECTION,,O
8,UA-BIC-CO,BIC-CO,1-UA.ARMY.MIL,UA,,,UA-HHC,,,AB,UA BDE Intel and Comm Company,UA-BIC-CO,Company,R
9,UA-BIC-CO-HQ,CO-HQ,BIC.1-UA.ARMY.MIL,UA-BIC-CO,,,UA-HHC,,,ABA,UA BIC Company Headquarters,UA-BIC-CO-HQ,,O
10,UA-BIC-RANGE-EXT-SECTION,RANGE-EXT-SECTION,BIC.1-UA.ARMY.MIL,UA-BIC-CO,,,UA-BIC-CO-HQ,,,ABB,BIC Range Extension Section,UA-BIC-RANGE-EXT-SECTION,Section,R
11,UA-BIC-RANGE-EXT-UA-HQ-SQUAD,RANGE-EXT-HQ-SQUAD,BIC.1-UA.ARMY.MIL,UA-BIC-RANGE-EXT-SECTION,,,UA-BIC-CO-HQ,,,ABBA,BIC Range Extension UA HQ Squad,UA-BIC-RANGE-EXT-UA-HQ-SQUAD,,O
12,UA-BIC-RANGE-EXT-FSB-SQUAD,RANGE-EXT-FSB-SQUAD,BIC.1-UA.ARMY.MIL,UA-BIC-RANGE-EXT-SECTION,,,UA-BIC-RANGE-EXT-UA-HQ-SQUAD,,,ABBB,BIC Range Extension FSB Squad,UA-BIC-RANGE-EXT-FSB-SQUAD,,O
13,UA-BIC-RANGE-EXT-1-CA-BN-SQUAD,RANGE-EXT-1-CA-BN-SQUAD,BIC.1-UA.ARMY.MIL,UA-BIC-RANGE-EXT-SECTION,,,UA-BIC-RANGE-EXT-UA-HQ-SQUAD,,,ABBC,BIC Range Extension 1-CA-BN Squad,UA-BIC-RANGE-EXT-SQUAD,,O
14,UA-BIC-RANGE-EXT-2-CA-BN-SQUAD,RANGE-EXT-2-CA-BN-SQUAD,BIC.1-UA.ARMY.MIL,UA-BIC-RANGE-EXT-SECTION,,,UA-BIC-RANGE-EXT-UA-HQ-SQUAD,,,ABBD,BIC Range Extension 2-CA-BN Squad,UA-BIC-RANGE-EXT-SQUAD,,O
15,UA-BIC-RANGE-EXT-3-CA-BN-SQUAD,RANGE-EXT-3-CA-BN-SQUAD,BIC.1-UA.ARMY.MIL,UA-BIC-RANGE-EXT-SECTION,,,UA-BIC-RANGE-EXT-UA-HQ-SQUAD,,,ABBE,BIC Range Extension 3-CA-BN Squad,UA-BIC-RANGE-EXT-SQUAD,,O
16,UA-BIC-RANGE-EXT-NLOS-SQUAD,RANGE-EXT-NLOS-SQUAD,BIC.1-UA.ARMY.MIL,UA-BIC-RANGE-EXT-SECTION,,,UA-BIC-RANGE-EXT-UA-HQ-SQUAD,,,ABBF,BIC Range Extension NLOS Squad,UA-BIC-RANGE-EXT-NLOS-SQUAD,,O
17,UA-BIC-NETOPS-SECTION,NETOPS-SECTION,BIC.1-UA.ARMY.MIL,UA-BIC-CO,,,UA-BIC-CO-HQ,,,ABC,BIC NETOPS Section,UA-BIC-NETOPS-SECTION,Section,R
18,UA-BIC-NETOPS-UA-HQ-SQUAD,NETOPS-HQ-SQUAD,BIC.1-UA.ARMY.MIL,UA-BIC-NETOPS-SECTION,,,UA-BIC-CO-HQ,,,ABCA,BIC NETOPS UA HQ Squad,UA-BIC-NETOPS-UA-HQ-SQUAD,,O
19,UA-BIC-NETOPS-FSB-SQUAD,NETOPS-FSB-SQUAD,BIC.1-UA.ARMY.MIL,UA-BIC-NETOPS-SECTION,,,UA-BIC-NETOPS-UA-HQ-SQUAD,,,ABCB,BIC NETOPS FSB Squad,UA-BIC-NETOPS-FSB-SQUAD,,O
20,UA-BIC-NETOPS-1-CA-BN-SQUAD,NETOPS-1-CA-BN-SQUAD,BIC.1-UA.ARMY.MIL,UA-BIC-NETOPS-SECTION,,,UA-BIC-NETOPS-UA-HQ-SQUAD,,,ABCC,BIC NETOPS 1-CA-BN Squad,UA-BIC-NETOPS-SQUAD,,O
21,UA-BIC-NETOPS-2-CA-BN-SQUAD,NETOPS-2-CA-BN-SQUAD,BIC.1-UA.ARMY.MIL,UA-BIC-NETOPS-SECTION,,,UA-BIC-NETOPS-UA-HQ-SQUAD,,,ABCD,BIC NETOPS 1-CA-BN Squad,UA-BIC-NETOPS-SQUAD,,O
22,UA-BIC-NETOPS-3-CA-BN-SQUAD,NETOPS-3-CA-BN-SQUAD,BIC.1-UA.ARMY.MIL,UA-BIC-NETOPS-SECTION,,,UA-BIC-NETOPS-UA-HQ-SQUAD,,,ABCE,BIC NETOPS 1-CA-BN Squad,UA-BIC-NETOPS-SQUAD,,O
23,UA-BIC-NETOPS-NLOS-SQUAD,NETOPS-NLOS-SQUAD,BIC.1-UA.ARMY.MIL,UA-BIC-NETOPS-SECTION,,,UA-BIC-NETOPS-UA-HQ-SQUAD,,,ABCF,BIC NETOPS NLOS Squad,UA-BIC-NETOPS-NLOS-SQUAD,,O
24,UA-BIC-AP-SECTION,AP-SECTION,BIC.1-UA.ARMY.MIL,UA-BIC-CO,,,UA-BIC-CO-HQ,,,ABD,BIC Analysis & Processing Section,UA-BIC-AP-SECTION,Section,R
25,UA-BIC-SIT-AWARE-TEAM,SIT-AWARE-TEAM,BIC.1-UA.ARMY.MIL,UA-BIC-AP-SECTION,,,UA-BIC-CO-HQ,,,ABDA,BIC Situation Awareness team,UA-BIC-SIT-AWARE-TEAM,,O
26,UA-BIC-TGT-DEV-TEAM,TGT-DEV-TEAM,BIC.1-UA.ARMY.MIL,UA-BIC-AP-SECTION,,,UA-BIC-SIT-AWARE-TEAM,,,ABDB,BIC Target Development Team,UA-BIC-TGT-DEV-TEAM,,O
27,UA-BIC-CI-SECTION,CI-SECTION,BIC.1-UA.ARMY.MIL,UA-BIC-CO,,,UA-BIC-CO-HQ,,,ABE,BIC Collection & Integration Section,UA-BIC-CI-SECTION,Section,R
28,UA-BIC-ISR-INTEG-TEAM,ISR-INTEG-TEAM,BIC.1-UA.ARMY.MIL,UA-BIC-CI-SECTION,,,UA-BIC-CO-HQ,,,ABEA,BIC ISR Integration Team,UA-BIC-ISR-INTEG-TEAM,,O
29,UA-BIC-CP-CTRL-TEAM,CP-CTRL-TEAM,BIC.1-UA.ARMY.MIL,UA-BIC-CI-SECTION,,,UA-BIC-ISR-INTEG-TEAM,,,ABEB,BIC Collection/Prophet Control team,UA-BIC-CP-CTRL-TEAM,,O
30,1-CA-BN,1-CABN,1-UA.ARMY.MIL,UA,,,UA-HHC,,,AC,1st Combined Arms Battalion,CA-BN,Battalion,R
31,1-CA-BN-HHC,BN-HHC,1-CABN.1-UA.ARMY.MIL,1-CA-BN,,,UA-HHC,,,ACA,1-CA-BN Battalion Headquarters,CA-BN-HHC,,R
32,1-CA-BN-MCG,MCG,1-CABN.1-UA.ARMY.MIL,1-CA-BN-HHC,,,1-CA-BN-HHC,,,ACAA,1-CA-BN Mobile CMD Group,CA-BN-MCG,,O
33,1-CA-BN-TACP,TACP,1-CABN.1-UA.ARMY.MIL,1-CA-BN-HHC,,,1-CA-BN-MCG,,,ACAB,1-CA-BN Tactical-Command-Post,CA-BN-TACP,,O
34,1-CA-BN-MED-PLT,MED-PLT,1-CABN.1-UA.ARMY.MIL,1-CA-BN-HHC,,,1-CA-BN-MCG,,,ACAC,1-CA-BN Medical-Platoon,CA-BN-MED-PLT,Platoon,R
35,1-CA-BN-MED-PLT-HQ,MED-PLT-HQ,1-CABN.1-UA.ARMY.MIL,1-CA-BN-MED-PLT,,,1-CA-BN-MCG,,,ACACA,1-CA-BN Medical-Platoon HQ,CA-BN-MED-PLT-HQ,,O
36,1-CA-BN-MED-PLT-TREATMENT-SQUAD,MED-PLT-TREATMENT-SQUAD,1-CABN.1-UA.ARMY.MIL,1-CA-BN-MED-PLT,,,1-CA-BN-MED-PLT-HQ,,,ACACB,1-CA-BN Medical-Platoon Treatment Squad,CA-BN-MED-PLT-TREATMENT-SQUAD,,O
37,1-CA-BN-MED-PLT-EVAC-SECTION,MED-PLT-EVAC-SECTION,1-CABN.1-UA.ARMY.MIL,1-CA-BN-MED-PLT,,,1-CA-BN-MED-PLT-HQ,,,ACACC,1-CA-BN Medical-Platoon Evacuation Section,CA-BN-MED-PLT-EVAC-SECTION,,O
38,1-CA-BN-SUPPORT-SECTION,SUPPORT-SECTION,1-CABN.1-UA.ARMY.MIL,1-CA-BN-HHC,,,1-CA-BN-MCG,,,ACAD,1-CA-BN Support-Section,CA-BN-SUPPORT-SECTION,Section,O
39,1-CA-BN-CO-HQ-SECTION,CO-HQ-SECTION,1-CABN.1-UA.ARMY.MIL,1-CA-BN-HHC,,,1-CA-BN-MCG,,,ACAE,1-CA-BN CO HQ Section,CA-BN-CO-HQ-SECTION,Section,O
40,1-CA-BN-INF-CO-A,INFCO-A,1-CABN.1-UA.ARMY.MIL,1-CA-BN,,,1-CA-BN-HHC,,,ACB,1-CA-BN Infantry Company A,CA-BN-INF-CO,Company,R
41,1-CA-BN-INF-CO-A-HQ,CO-HQ,INFCO-A.1-CABN.1-UA.ARMY.MIL,1-CA-BN-INF-CO-A,,,1-CA-BN-HHC,,,ACBA,1-CA-BN Infantry Company A HQ,CA-BN-INF-CO-HQ,,O
42,1-CA-BN-INF-CO-A-1-PLT,1-PLT,INFCO-A.1-CABN.1-UA.ARMY.MIL,1-CA-BN-INF-CO-A,,,1-CA-BN-INF-CO-A-HQ,,,ACBB,1-CA-BN Infantry Company A 1st Platoon,CA-BN-INF-PLT,Platoon,O
48,1-CA-BN-INF-CO-A-2-PLT,2-PLT,INFCO-A.1-CABN.1-UA.ARMY.MIL,1-CA-BN-INF-CO-A,,,1-CA-BN-INF-CO-A-HQ,,,ACBC,1-CA-BN Infantry Company A 2nd Platoon,CA-BN-INF-PLT,Platoon,O
54,1-CA-BN-INF-CO-A-3-PLT,3-PLT,INFCO-A.1-CABN.1-UA.ARMY.MIL,1-CA-BN-INF-CO-A,,,1-CA-BN-INF-CO-A-HQ,,,ACBD,1-CA-BN Infantry Company A 3rd Platoon,CA-BN-INF-PLT,Platoon,O
60,1-CA-BN-INF-CO-B,INFCO-B,1-CABN.1-UA.ARMY.MIL,1-CA-BN,,,1-CA-BN-HHC,,,ACC,1-CA-BN Infantry Company B,CA-BN-INF-CO,Company,R
61,1-CA-BN-INF-CO-B-HQ,CO-HQ,INFCO-B.1-CABN.1-UA.ARMY.MIL,1-CA-BN-INF-CO-B,,,1-CA-BN-HHC,,,ACCA,1-CA-BN Infantry Company B HQ,CA-BN-INF-CO-HQ,,O
62,1-CA-BN-INF-CO-B-1-PLT,1-PLT,INFCO-B.1-CABN.1-UA.ARMY.MIL,1-CA-BN-INF-CO-B,,,1-CA-BN-INF-CO-B-HQ,,,ACCB,1-CA-BN Infantry Company B 1st Platoon,CA-BN-INF-PLT,Platoon,O
68,1-CA-BN-INF-CO-B-2-PLT,2-PLT,INFCO-B.1-CABN.1-UA.ARMY.MIL,1-CA-BN-INF-CO-B,,,1-CA-BN-INF-CO-B-HQ,,,ACCC,1-CA-BN Infantry Company B 2nd Platoon,CA-BN-INF-PLT,Platoon,O
74,1-CA-BN-INF-CO-B-3-PLT,3-PLT,INFCO-B.1-CABN.1-UA.ARMY.MIL,1-CA-BN-INF-CO-B,,,1-CA-BN-INF-CO-B-HQ,,,ACCD,1-CA-BN Infantry Company B 3rd Platoon,CA-BN-INF-PLT,Platoon,O
80,1-CA-BN-MCS-CO-A,MCSCO-A,1-CABN.1-UA.ARMY.MIL,1-CA-BN,,,1-CA-BN-HHC,,,ACD,1-CA-BN FCS Mounted Combat System Company A,CA-BN-MCS-CO,Company,R
81,1-CA-BN-MCS-CO-A-HQ,CO-HQ,MCSCO-A.1-CABN.1-UA.ARMY.MIL,1-CA-BN-MCS-CO-A,,,1-CA-BN-HHC,,,ACDA,1-CA-BN FCS MCS Company A HQ,CA-BN-MCS-CO-HQ,,O
82,1-CA-BN-MCS-CO-A-1-PLT,1-PLT,MCSCO-A.1-CABN.1-UA.ARMY.MIL,1-CA-BN-MCS-CO-A,,,1-CA-BN-MCS-CO-A-HQ,,,ACDB,1-CA-BN FCS MCS Company A 1st Platoon,CA-BN-MCS-PLT,Platoon,O
83,1-CA-BN-MCS-CO-A-2-PLT,2-PLT,MCSCO-A.1-CABN.1-UA.ARMY.MIL,1-CA-BN-MCS-CO-A,,,1-CA-BN-MCS-CO-A-HQ,,,ACDC,1-CA-BN FCS MCS Company A 2nd Platoon,CA-BN-MCS-PLT,Platoon,O
84,1-CA-BN-MCS-CO-A-3-PLT,3-PLT,MCSCO-A.1-CABN.1-UA.ARMY.MIL,1-CA-BN-MCS-CO-A,,,1-CA-BN-MCS-CO-A-HQ,,,ACDD,1-CA-BN FCS MCS Company A 3rd Platoon,CA-BN-MCS-PLT,Platoon,O
85,1-CA-BN-MCS-CO-B,MCSCO-B,1-CABN.1-UA.ARMY.MIL,1-CA-BN,,,1-CA-BN-HHC,,,ACE,1-CA-BN FCS Mounted Combat System Company B,CA-BN-MCS-CO,Company,R
86,1-CA-BN-MCS-CO-B-HQ,CO-HQ,MCSCO-B.1-CABN.1-UA.ARMY.MIL,1-CA-BN-MCS-CO-B,,,1-CA-BN-HHC,,,ACEA,1-CA-BN FCS MCS Company B HQ,CA-BN-MCS-CO-HQ,,O
87,1-CA-BN-MCS-CO-B-1-PLT,1-PLT,MCSCO-B.1-CABN.1-UA.ARMY.MIL,1-CA-BN-MCS-CO-B,,,1-CA-BN-MCS-CO-B-HQ,,,ACEB,1-CA-BN FCS MCS Company B 1st Platoon,CA-BN-MCS-PLT,Platoon,O
88,1-CA-BN-MCS-CO-B-2-PLT,2-PLT,MCSCO-B.1-CABN.1-UA.ARMY.MIL,1-CA-BN-MCS-CO-B,,,1-CA-BN-MCS-CO-B-HQ,,,ACEC,1-CA-BN FCS MCS Company B 2nd Platoon,CA-BN-MCS-PLT,Platoon,O
89,1-CA-BN-MCS-CO-B-3-PLT,3-PLT,MCSCO-B.1-CABN.1-UA.ARMY.MIL,1-CA-BN-MCS-CO-B,,,1-CA-BN-MCS-CO-B-HQ,,,ACED,1-CA-BN FCS MCS Company B 3rd Platoon,CA-BN-MCS-PLT,Platoon,O
90,1-CA-BN-RECON-DET,RECON-DET,1-CABN.1-UA.ARMY.MIL,1-CA-BN,,,1-CA-BN-HHC,,,ACF,1-CA-BN Recon Detachment,CA-BN-RECON-DET,Detachment,R
91,1-CA-BN-RECON-DET-HQ,DET-HQ,RECON-DET.1-CABN.1-UA.ARMY.MIL,1-CA-BN-RECON-DET,,,1-CA-BN-HHC,,,ACFA,1-CA-BN Recon Detachment HQ,CA-BN-RECON-DET-HQ,,O
92,1-CA-BN-RECON-DET-1-PLT,1-PLT,RECON-DET.1-CABN.1-UA.ARMY.MIL,1-CA-BN-RECON-DET,,,1-CA-BN-RECON-DET-HQ,,,ACFB,1-CA-BN Recon Detachment 1st Platoon,CA-BN-RECON-PLT,Platoon,O
93,1-CA-BN-RECON-DET-2-PLT,2-PLT,RECON-DET.1-CABN.1-UA.ARMY.MIL,1-CA-BN-RECON-DET,,,1-CA-BN-RECON-DET-HQ,,,ACFC,1-CA-BN Recon Detachment 2nd Platoon,CA-BN-RECON-PLT,Platoon,O
94,1-CA-BN-RECON-DET-3-PLT,3-PLT,RECON-DET.1-CABN.1-UA.ARMY.MIL,1-CA-BN-RECON-DET,,,1-CA-BN-RECON-DET-HQ,,,ACFD,1-CA-BN Recon Detachment 3rd Platoon,CA-BN-RECON-PLT,Platoon,O
95,1-CA-BN-MORTAR-BTY,MORTAR-BTY,1-CABN.1-UA.ARMY.MIL,1-CA-BN,,,1-CA-BN-HHC,,,ACG,1-CA-BN Mortar Battery,CA-BN-MORTAR-BTY,Battery,R
96,1-CA-BN-MORTAR-BTY-HQ,BTY-HQ,MORTAR-BTY.1-CABN.1-UA.ARMY.MIL,1-CA-BN-MORTAR-BTY,,,1-CA-BN-HHC,,,ACGA,1-CA-BN Mortar Battery HQ,CA-BN-MORTAR-BTY-HQ,,O
97,1-CA-BN-MORTAR-BTY-1-PLT,1-PLT,MORTAR-BTY.1-CABN.1-UA.ARMY.MIL,1-CA-BN-MORTAR-BTY,,,1-CA-BN-MORTAR-BTY-HQ,,,ACGB,1-CA-BN NLOS Mortar 1st Platoon,CA-BN-MORTAR-PLT,Platoon,O
98,1-CA-BN-MORTAR-BTY-2-PLT,2-PLT,MORTAR-BTY.1-CABN.1-UA.ARMY.MIL,1-CA-BN-MORTAR-BTY,,,1-CA-BN-MORTAR-BTY-HQ,,,ACGC,1-CA-BN NLOS Mortar 2nd Platoon,CA-BN-MORTAR-PLT,Platoon,O
99,2-CA-BN,2-CA-BN,1-UA.ARMY.MIL,UA,,,UA-HHC,,,AD,2nd Combined Arms Battalion,CA-BN,Battalion,R
100,2-CA-BN-HHC,BN-HHC,2-CABN.1-UA.ARMY.MIL,2-CA-BN,,,UA-HHC,,,ADA,2-CA-BN Battalion Headquarters,CA-BN-HHC,,R
101,2-CA-BN-MCG,MCG,2-CABN.1-UA.ARMY.MIL,2-CA-BN-HHC,,,2-CA-BN-HHC,,,ADAA,2-CA-BN Mobile CMD Group,CA-BN-MCG,,O
102,2-CA-BN-TACP,TACP,2-CABN.1-UA.ARMY.MIL,2-CA-BN-HHC,,,2-CA-BN-MCG,,,ADAB,2-CA-BN Tactical-Command-Post,CA-BN-TACP,,O
103,2-CA-BN-MED-PLT,MED-PLT,2-CABN.1-UA.ARMY.MIL,2-CA-BN-HHC,,,2-CA-BN-MCG,,,ADAC,2-CA-BN Medical-Platoon,CA-BN-MED-PLT,,R
104,2-CA-BN-MED-PLT-HQ,MED-PLT-HQ,2-CABN.1-UA.ARMY.MIL,2-CA-BN-MED-PLT,,,2-CA-BN-MCG,,,ADACA,2-CA-BN Medical-Platoon HQ,CA-BN-MED-PLT-HQ,,O
105,2-CA-BN-MED-PLT-TREATMENT-SQUAD,MED-PLT-TREATMENT-SQUAD,2-CABN.1-UA.ARMY.MIL,2-CA-BN-MED-PLT,,,2-CA-BN-MED-PLT-HQ,,,ADACB,2-CA-BN Medical-Platoon Treatment Squad,CA-BN-MED-PLT-TREATMENT-SQUAD,,O
106,2-CA-BN-MED-PLT-EVAC-SECTION,MED-PLT-EVAC-SECTION,2-CABN.1-UA.ARMY.MIL,2-CA-BN-MED-PLT,,,2-CA-BN-MED-PLT-HQ,,,ADACC,2-CA-BN Medical-Platoon Evacuation Section,CA-BN-MED-PLT-EVAC-SECTION,,O
107,2-CA-BN-SUPPORT-SECTION,SUPPORT-SECTION,2-CABN.1-UA.ARMY.MIL,2-CA-BN-HHC,,,2-CA-BN-MCG,,,ADAD,2-CA-BN Support-Section,CA-BN-SUPPORT-SECTION,Section,O
108,2-CA-BN-CO-HQ-SECTION,CO-HQ-SECTION,2-CABN.1-UA.ARMY.MIL,2-CA-BN-HHC,,,2-CA-BN-MCG,,,ADAE,2-CA-BN CO HQ Section,CA-BN-CO-HQ-SECTION,Section,O
109,2-CA-BN-INF-CO-A,INFCO-A,2-CABN.1-UA.ARMY.MIL,2-CA-BN,,,2-CA-BN-HHC,,,ADB,2-CA-BN Infantry Company A,CA-BN-INF-CO,Company,R
110,2-CA-BN-INF-CO-A-HQ,CO-HQ,INFCO-A.2-CABN.1-UA.ARMY.MIL,2-CA-BN-INF-CO-A,,,2-CA-BN-HHC,,,ADBA,2-CA-BN Infantry Company A HQ,CA-BN-INF-CO-HQ,,O
111,2-CA-BN-INF-CO-A-1-PLT,1-PLT,INFCO-A.2-CABN.1-UA.ARMY.MIL,2-CA-BN-INF-CO-A,,,2-CA-BN-INF-CO-A-HQ,,,ADBB,2-CA-BN Infantry Company A 1st Platoon,CA-BN-INF-PLT,Platoon,O
117,2-CA-BN-INF-CO-A-2-PLT,2-PLT,INFCO-A.2-CABN.1-UA.ARMY.MIL,2-CA-BN-INF-CO-A,,,2-CA-BN-INF-CO-A-HQ,,,ADBC,2-CA-BN Infantry Company A 2nd Platoon,CA-BN-INF-PLT,Platoon,O
123,2-CA-BN-INF-CO-A-3-PLT,3-PLT,INFCO-A.2-CABN.1-UA.ARMY.MIL,2-CA-BN-INF-CO-A,,,2-CA-BN-INF-CO-A-HQ,,,ADBD,2-CA-BN Infantry Company A 3rd Platoon,CA-BN-INF-PLT,Platoon,O
129,2-CA-BN-INF-CO-B,INFCO-B,2-CABN.1-UA.ARMY.MIL,2-CA-BN,,,2-CA-BN-HHC,,,ADC,2-CA-BN Infantry Company B,CA-BN-INF-CO,Company,R
130,2-CA-BN-INF-CO-B-HQ,CO-HQ,INFCO-B.2-CABN.1-UA.ARMY.MIL,2-CA-BN-INF-CO-B,,,2-CA-BN-HHC,,,ADCA,2-CA-BN Infantry Company B HQ,CA-BN-INF-CO-HQ,,O
131,2-CA-BN-INF-CO-B-1-PLT,1-PLT,INFCO-B.2-CABN.1-UA.ARMY.MIL,2-CA-BN-INF-CO-B,,,2-CA-BN-INF-CO-B-HQ,,,ADCB,2-CA-BN Infantry Company B 1st Platoon,CA-BN-INF-PLT,Platoon,O
137,2-CA-BN-INF-CO-B-2-PLT,2-PLT,INFCO-B.2-CABN.1-UA.ARMY.MIL,2-CA-BN-INF-CO-B,,,2-CA-BN-INF-CO-B-HQ,,,ADCC,2-CA-BN Infantry Company B 2nd Platoon,CA-BN-INF-PLT,Platoon,O
143,2-CA-BN-INF-CO-B-3-PLT,3-PLT,INFCO-B.2-CABN.1-UA.ARMY.MIL,2-CA-BN-INF-CO-B,,,2-CA-BN-INF-CO-B-HQ,,,ADCD,2-CA-BN Infantry Company B 3rd Platoon,CA-BN-INF-PLT,Platoon,O
149,2-CA-BN-MCS-CO-A,MCSCO-A,2-CABN.1-UA.ARMY.MIL,2-CA-BN,,,2-CA-BN-HHC,,,ADD,2-CA-BN FCS Mounted Combat System Company A,CA-BN-MCS-CO,Company,R
150,2-CA-BN-MCS-CO-A-HQ,CO-HQ,MCSCO-A.2-CABN.1-UA.ARMY.MIL,2-CA-BN-MCS-CO-A,,,2-CA-BN-HHC,,,ADDA,2-CA-BN FCS MCS Company A HQ,CA-BN-MCS-CO-HQ,,O
151,2-CA-BN-MCS-CO-A-1-PLT,1-PLT,MCSCO-A.2-CABN.1-UA.ARMY.MIL,2-CA-BN-MCS-CO-A,,,2-CA-BN-MCS-CO-A-HQ,,,ADDB,2-CA-BN FCS MCS Company A 1st Platoon,CA-BN-MCS-PLT,Platoon,O
152,2-CA-BN-MCS-CO-A-2-PLT,2-PLT,MCSCO-A.2-CABN.1-UA.ARMY.MIL,2-CA-BN-MCS-CO-A,,,2-CA-BN-MCS-CO-A-HQ,,,ADDC,2-CA-BN FCS MCS Company A 2nd Platoon,CA-BN-MCS-PLT,Platoon,O
153,2-CA-BN-MCS-CO-A-3-PLT,3-PLT,MCSCO-A.2-CABN.1-UA.ARMY.MIL,2-CA-BN-MCS-CO-A,,,2-CA-BN-MCS-CO-A-HQ,,,ADDD,2-CA-BN FCS MCS Company A 3rd Platoon,CA-BN-MCS-PLT,Platoon,O
154,2-CA-BN-MCS-CO-B,MCSCO-B,2-CABN.1-UA.ARMY.MIL,2-CA-BN,,,2-CA-BN-HHC,,,ADE,2-CA-BN FCS Mounted Combat System Company B,CA-BN-MCS-CO,Company,R
155,2-CA-BN-MCS-CO-B-HQ,CO-HQ,MCSCO-B.2-CABN.1-UA.ARMY.MIL,2-CA-BN-MCS-CO-B,,,2-CA-BN-HHC,,,ADEA,2-CA-BN FCS MCS Company B HQ,CA-BN-MCS-CO-HQ,,O
156,2-CA-BN-MCS-CO-B-1-PLT,1-PLT,MCSCO-B.2-CABN.1-UA.ARMY.MIL,2-CA-BN-MCS-CO-B,,,2-CA-BN-MCS-CO-B-HQ,,,ADEB,2-CA-BN FCS MCS Company B 1st Platoon,CA-BN-MCS-PLT,Platoon,O
157,2-CA-BN-MCS-CO-B-2-PLT,2-PLT,MCSCO-B.2-CABN.1-UA.ARMY.MIL,2-CA-BN-MCS-CO-B,,,2-CA-BN-MCS-CO-B-HQ,,,ADEC,2-CA-BN FCS MCS Company B 2nd Platoon,CA-BN-MCS-PLT,Platoon,O
158,2-CA-BN-MCS-CO-B-3-PLT,3-PLT,MCSCO-B.2-CABN.1-UA.ARMY.MIL,2-CA-BN-MCS-CO-B,,,2-CA-BN-MCS-CO-B-HQ,,,ADED,2-CA-BN FCS MCS Company B 3rd Platoon,CA-BN-MCS-PLT,Platoon,O
159,2-CA-BN-RECON-DET,RECON-DET,2-CABN.1-UA.ARMY.MIL,2-CA-BN,,,2-CA-BN-HHC,,,ADF,2-CA-BN Recon Detachment,CA-BN-RECON-DET,Detachment,R
160,2-CA-BN-RECON-DET-HQ,DET-HQ,RECON-DET.2-CABN.1-UA.ARMY.MIL,2-CA-BN-RECON-DET,,,2-CA-BN-HHC,,,ADFA,2-CA-BN Recon Detachment HQ,CA-BN-RECON-DET-HQ,,O
161,2-CA-BN-RECON-DET-1-PLT,1-PLT,RECON-DET.2-CABN.1-UA.ARMY.MIL,2-CA-BN-RECON-DET,,,2-CA-BN-RECON-DET-HQ,,,ADFB,2-CA-BN Recon Detachment 1st Platoon,CA-BN-RECON-PLT,Platoon,O
162,2-CA-BN-RECON-DET-2-PLT,2-PLT,RECON-DET.2-CABN.1-UA.ARMY.MIL,2-CA-BN-RECON-DET,,,2-CA-BN-RECON-DET-HQ,,,ADFC,2-CA-BN Recon Detachment 2nd Platoon,CA-BN-RECON-PLT,Platoon,O
163,2-CA-BN-RECON-DET-3-PLT,3-PLT,RECON-DET.2-CABN.1-UA.ARMY.MIL,2-CA-BN-RECON-DET,,,2-CA-BN-RECON-DET-HQ,,,ADFD,2-CA-BN Recon Detachment 3rd Platoon,CA-BN-RECON-PLT,Platoon,O
164,2-CA-BN-MORTAR-BTY,MORTAR-BTY,2-CABN.1-UA.ARMY.MIL,2-CA-BN,,,2-CA-BN-HHC,,,ADG,2-CA-BN Mortar Battery,CA-BN-MORTAR-BTY,Battery,R
165,2-CA-BN-MORTAR-BTY-HQ,BTY-HQ,MORTAR-BTY.2-CABN.1-UA.ARMY.MIL,2-CA-BN-MORTAR-BTY,,,2-CA-BN-HHC,,,ADGA,2-CA-BN Mortar Battery HQ,CA-BN-MORTAR-BTY-HQ,,O
166,2-CA-BN-MORTAR-BTY-1-PLT,1-PLT,MORTAR-BTY.2-CABN.1-UA.ARMY.MIL,2-CA-BN-MORTAR-BTY,,,2-CA-BN-MORTAR-BTY-HQ,,,ADGB,2-CA-BN NLOS Mortar 1st Platoon,CA-BN-MORTAR-PLT,Platoon,O
167,2-CA-BN-MORTAR-BTY-2-PLT,2-PLT,MORTAR-BTY.2-CABN.1-UA.ARMY.MIL,2-CA-BN-MORTAR-BTY,,,2-CA-BN-MORTAR-BTY-HQ,,,ADGC,2-CA-BN NLOS Mortar 2nd Platoon,CA-BN-MORTAR-PLT,Platoon,O
168,3-CA-BN,3-CA-BN,1-UA.ARMY.MIL,UA,,,UA-HHC,,,AE,3rd Combined Arms Battalion,CA-BN,Battalion,R
169,3-CA-BN-HHC,BN-HHC,3-CABN.1-UA.ARMY.MIL,3-CA-BN,,,UA-HHC,,,AEA,3-CA-BN Battalion Headquarters,CA-BN-HHC,,R
170,3-CA-BN-MCG,MCG,3-CABN.1-UA.ARMY.MIL,3-CA-BN-HQ,,,3-CA-BN-HQ,,,AEAA,3-CA-BN Mobile CMD Group,CA-BN-MCG,,O
171,3-CA-BN-TACP,TACP,3-CABN.1-UA.ARMY.MIL,3-CA-BN-HQ,,,3-CA-BN-MCG,,,AEAB,3-CA-BN Tactical-Command-Post,CA-BN-TACP,,O
172,3-CA-BN-MED-PLT,MED-PLT,3-CABN.1-UA.ARMY.MIL,3-CA-BN-HQ,,,3-CA-BN-MCG,,,AEAC,3-CA-BN Medical-Platoon,CA-BN-MED-PLT,,R
173,3-CA-BN-MED-PLT-HQ,MED-PLT-HQ,3-CABN.1-UA.ARMY.MIL,3-CA-BN-MED-PLT,,,3-CA-BN-MCG,,,AEACA,3-CA-BN Medical-Platoon HQ,CA-BN-MED-PLT-HQ,,O
174,3-CA-BN-MED-PLT-TREATMENT-SQUAD,MED-PLT-TREATMENT-SQUAD,3-CABN.1-UA.ARMY.MIL,3-CA-BN-MED-PLT,,,3-CA-BN-MED-PLT-HQ,,,AEACB,3-CA-BN Medical-Platoon Treatment Squad,CA-BN-MED-PLT-TREATMENT-SQUAD,,O
175,3-CA-BN-MED-PLT-EVAC-SECTION,MED-PLT-EVAC-SECTION,3-CABN.1-UA.ARMY.MIL,3-CA-BN-MED-PLT,,,3-CA-BN-MED-PLT-HQ,,,AEACC,3-CA-BN Medical-Platoon Evacuation Section,CA-BN-MED-PLT-EVAC-SECTION,,O
176,3-CA-BN-SUPPORT-SECTION,SUPPORT-SECTION,3-CABN.1-UA.ARMY.MIL,3-CA-BN-HQ,,,3-CA-BN-MCG,,,AEAD,3-CA-BN Support-Section,CA-BN-SUPPORT-SECTION,Section,O
177,3-CA-BN-CO-HQ-SECTION,CO-HQ-SECTION,3-CABN.1-UA.ARMY.MIL,3-CA-BN-HQ,,,3-CA-BN-MCG,,,AEAE,3-CA-BN CO HQ Section,CA-BN-CO-HQ-SECTION,Section,O
178,3-CA-BN-INF-CO-A,INFCO-A,3-CABN.1-UA.ARMY.MIL,3-CA-BN,,,3-CA-BN-HQ,,,AEB,3-CA-BN Infantry Company A,CA-BN-INF-CO,Company,R
179,3-CA-BN-INF-CO-A-HQ,CO-HQ,INFCO-A.3-CABN.1-UA.ARMY.MIL,3-CA-BN-INF-CO-A,,,3-CA-BN-HQ,,,AEBA,3-CA-BN Infantry Company A HQ,CA-BN-INF-CO-HQ,,O
180,3-CA-BN-INF-CO-A-1-PLT,1-PLT,INFCO-A.3-CABN.1-UA.ARMY.MIL,3-CA-BN-INF-CO-A,,,3-CA-BN-INF-CO-A-HQ,,,AEBB,3-CA-BN Infantry Company A 1st Platoon,CA-BN-INF-PLT,Platoon,O
186,3-CA-BN-INF-CO-A-2-PLT,2-PLT,INFCO-A.3-CABN.1-UA.ARMY.MIL,3-CA-BN-INF-CO-A,,,3-CA-BN-INF-CO-A-HQ,,,AEBC,3-CA-BN Infantry Company A 2nd Platoon,CA-BN-INF-PLT,Platoon,O
192,3-CA-BN-INF-CO-A-3-PLT,3-PLT,INFCO-A.3-CABN.1-UA.ARMY.MIL,3-CA-BN-INF-CO-A,,,3-CA-BN-INF-CO-A-HQ,,,AEBD,3-CA-BN Infantry Company A 3rd Platoon,CA-BN-INF-PLT,Platoon,O
198,3-CA-BN-INF-CO-B,INFCO-B,3-CABN.1-UA.ARMY.MIL,3-CA-BN,,,3-CA-BN-HQ,,,AEC,3-CA-BN Infantry Company B,CA-BN-INF-CO,Platoon,R
199,3-CA-BN-INF-CO-B-HQ,CO-HQ,INFCO-B.3-CABN.1-UA.ARMY.MIL,3-CA-BN-INF-CO-B,,,3-CA-BN-HQ,,,AECA,3-CA-BN Infantry Company B HQ,CA-BN-INF-CO-HQ,,O
200,3-CA-BN-INF-CO-B-1-PLT,1-PLT,INFCO-B.3-CABN.1-UA.ARMY.MIL,3-CA-BN-INF-CO-B,,,3-CA-BN-INF-CO-B-HQ,,,AECB,3-CA-BN Infantry Company B 1st Platoon,CA-BN-INF-PLT,,O
206,3-CA-BN-INF-CO-B-2-PLT,2-PLT,INFCO-B.3-CABN.1-UA.ARMY.MIL,3-CA-BN-INF-CO-B,,,3-CA-BN-INF-CO-B-HQ,,,AECC,3-CA-BN Infantry Company B 2nd Platoon,CA-BN-INF-PLT,,O
212,3-CA-BN-INF-CO-B-3-PLT,3-PLT,INFCO-B.3-CABN.1-UA.ARMY.MIL,3-CA-BN-INF-CO-B,,,3-CA-BN-INF-CO-B-HQ,,,AECD,3-CA-BN Infantry Company B 3rd Platoon,CA-BN-INF-PLT,Platoon,O
218,3-CA-BN-MCS-CO-A,MCSCO-A,3-CABN.1-UA.ARMY.MIL,3-CA-BN,,,3-CA-BN-HQ,,,AED,3-CA-BN FCS Mounted Combat System Company A,CA-BN-MCS-CO,Platoon,R
219,3-CA-BN-MCS-CO-A-HQ,CO-HQ,MCSCO-A.3-CABN.1-UA.ARMY.MIL,3-CA-BN-MCS-CO-A,,,3-CA-BN-HQ,,,AEDA,3-CA-BN FCS MCS Company A HQ,CA-BN-MCS-CO-HQ,,O
220,3-CA-BN-MCS-CO-A-1-PLT,1-PLT,MCSCO-A.3-CABN.1-UA.ARMY.MIL,3-CA-BN-MCS-CO-A,,,3-CA-BN-MCS-CO-A-HQ,,,AEDB,3-CA-BN FCS MCS Company A 1st Platoon,CA-BN-MCS-PLT,,O
221,3-CA-BN-MCS-CO-A-2-PLT,2-PLT,MCSCO-A.3-CABN.1-UA.ARMY.MIL,3-CA-BN-MCS-CO-A,,,3-CA-BN-MCS-CO-A-HQ,,,AEDC,3-CA-BN FCS MCS Company A 2nd Platoon,CA-BN-MCS-PLT,,O
222,3-CA-BN-MCS-CO-A-3-PLT,3-PLT,MCSCO-A.3-CABN.1-UA.ARMY.MIL,3-CA-BN-MCS-CO-A,,,3-CA-BN-MCS-CO-A-HQ,,,AEDD,3-CA-BN FCS MCS Company A 3rd Platoon,CA-BN-MCS-PLT,,O
223,3-CA-BN-MCS-CO-B,MCSCO-B,3-CABN.1-UA.ARMY.MIL,3-CA-BN,,,3-CA-BN-HQ,,,AEE,3-CA-BN FCS Mounted Combat System Company B,CA-BN-MCS-CO,Platoon,R
224,3-CA-BN-MCS-CO-B-HQ,CO-HQ,MCSCO-B.3-CABN.1-UA.ARMY.MIL,3-CA-BN-MCS-CO-B,,,3-CA-BN-HQ,,,AEEA,3-CA-BN FCS MCS Company B HQ,CA-BN-MCS-CO-HQ,,O
225,3-CA-BN-MCS-CO-B-1-PLT,1-PLT,MCSCO-B.3-CABN.1-UA.ARMY.MIL,3-CA-BN-MCS-CO-B,,,3-CA-BN-MCS-CO-B-HQ,,,AEEB,3-CA-BN FCS MCS Company B 1st Platoon,CA-BN-MCS-PLT,,O
226,3-CA-BN-MCS-CO-B-2-PLT,2-PLT,MCSCO-B.3-CABN.1-UA.ARMY.MIL,3-CA-BN-MCS-CO-B,,,3-CA-BN-MCS-CO-B-HQ,,,AEEC,3-CA-BN FCS MCS Company B 2nd Platoon,CA-BN-MCS-PLT,,O
227,3-CA-BN-MCS-CO-B-3-PLT,3-PLT,MCSCO-B.3-CABN.1-UA.ARMY.MIL,3-CA-BN-MCS-CO-B,,,3-CA-BN-MCS-CO-B-HQ,,,AEED,3-CA-BN FCS MCS Company B 3rd Platoon,CA-BN-MCS-PLT,,O
228,3-CA-BN-RECON-DET,RECON-DET,3-CABN.1-UA.ARMY.MIL,3-CA-BN,,,3-CA-BN-HQ,,,AEF,3-CA-BN Recon Detachment,CA-BN-RECON-DET,Detachment,R
229,3-CA-BN-RECON-DET-HQ,DET-HQ,RECON-DET.3-CABN.1-UA.ARMY.MIL,3-CA-BN-RECON-DET,,,3-CA-BN-HQ,,,AEFA,3-CA-BN Recon Detachment HQ,CA-BN-RECON-DET-HQ,,O
230,3-CA-BN-RECON-DET-1-PLT,1-PLT,RECON-DET.3-CABN.1-UA.ARMY.MIL,3-CA-BN-RECON-DET,,,3-CA-BN-RECON-DET-HQ,,,AEFB,3-CA-BN Recon Detachment 1st Platoon,CA-BN-RECON-PLT,Platoon,O
231,3-CA-BN-RECON-DET-2-PLT,2-PLT,RECON-DET.3-CABN.1-UA.ARMY.MIL,3-CA-BN-RECON-DET,,,3-CA-BN-RECON-DET-HQ,,,AEFC,3-CA-BN Recon Detachment 2nd Platoon,CA-BN-RECON-PLT,Platoon,O
232,3-CA-BN-RECON-DET-3-PLT,3-PLT,RECON-DET.3-CABN.1-UA.ARMY.MIL,3-CA-BN-RECON-DET,,,3-CA-BN-RECON-DET-HQ,,,AEFD,3-CA-BN Recon Detachment 3rd Platoon,CA-BN-RECON-PLT,Platoon,O
233,3-CA-BN-MORTAR-BTY,MORTAR-BTY,3-CABN.1-UA.ARMY.MIL,3-CA-BN,,,3-CA-BN-HQ,,,AEG,3-CA-BN Mortar Battery,CA-BN-MORTAR-BTY,Battery,R
234,3-CA-BN-MORTAR-BTY-HQ,BTY-HQ,MORTAR-BTY.3-CABN.1-UA.ARMY.MIL,3-CA-BN-MORTAR-BTY,,,3-CA-BN-HQ,,,AEGA,3-CA-BN Mortar Battery HQ,CA-BN-MORTAR-BTY-HQ,,O
235,3-CA-BN-MORTAR-BTY-1-PLT,1-PLT,MORTAR-BTY.3-CABN.1-UA.ARMY.MIL,3-CA-BN-MORTAR-BTY,,,3-CA-BN-MORTAR-BTY-HQ,,,AEGB,3-CA-BN NLOS Mortar 1st Platoon,CA-BN-MORTAR-PLT,Platoon,O
236,3-CA-BN-MORTAR-BTY-2-PLT,2-PLT,MORTAR-BTY.3-CABN.1-UA.ARMY.MIL,3-CA-BN-MORTAR-BTY,,,3-CA-BN-MORTAR-BTY-HQ,,,AEGC,3-CA-BN NLOS Mortar 2nd Platoon,CA-BN-MORTAR-PLT,Platoon,O
237,AVN-DET,AVN-DET,1-UA.ARMY.MIL,UA,,,UA-HHC,,,AF,Aviation Detachment,AVN-DET,,R
238,AVN-DET-HQ,DET-HQ,AVN-DET.1-UA.ARMY.MIL,AVN-DET,,,UA-HHC,,,AFA,Aviation Detachment HQ,AVN-DET-HQ,,O
239,AVN-DET-FLT-TRP-A,FLT-TRP-A,AVN-DET.1-UA.ARMY.MIL,AVN-DET,,,AVN-DET-HQ,,,AFB,Aviation Detachment Flight Troop A,AVN-DET-FLT-TRP,,R
240,AVN-DET-FLT-TRP-A-HQ,FLT-TRP-A-HQ,AVN-DET.1-UA.ARMY.MIL,AVN-DET-FLT-TRP-A,,,AVN-DET-HQ,,,AFBA,Aviation Detachment Flight Troop A HQ,AVN-DET-FLT-TRP-HQ,,O
241,AVN-DET-FLT-TRP-A-1-PLT,FLT-TRP-A-1-PLT,AVN-DET.1-UA.ARMY.MIL,AVN-DET-FLT-TRP-A,,,AVN-DET-FLT-TRP-A-HQ,,,AFBB,Aviation Detachment Flight Troop A 1st platoon,AVN-DET-FLT-TRP-PLT,,O
242,AVN-DET-FLT-TRP-A-2-PLT,FLT-TRP-A-2-PLT,AVN-DET.1-UA.ARMY.MIL,AVN-DET-FLT-TRP-A,,,AVN-DET-FLT-TRP-A-HQ,,,AFBC,Aviation Detachment Flight Troop A 2nd Platoon,AVN-DET-FLT-TRP-PLT,,O
243,AVN-DET-FLT-TRP-A-SPT-PLT,FLT-TRP-A-SPT-PLT,AVN-DET.1-UA.ARMY.MIL,AVN-DET-FLT-TRP-A,,,AVN-DET-FLT-TRP-A-HQ,,,AFBD,Aviation Detachment Flight Troop A Support Platoon,AVN-DET-FLT-TRP-SPT-PLT,,O
244,AVN-DET-FLT-TRP-B,FLT-TRP-B,AVN-DET.1-UA.ARMY.MIL,AVN-DET,,,AVN-DET-HQ,,,AFC,Aviation Detachment Flight Troop B,AVN-DET-FLT-TRP,,R
245,AVN-DET-FLT-TRP-B-HQ,FLT-TRP-B-HQ,AVN-DET.1-UA.ARMY.MIL,AVN-DET-FLT-TRP-B,,,AVN-DET-HQ,,,AFCA,Aviation Detachment Flight Troop B HQ,AVN-DET-FLT-TRP-HQ,,O
246,AVN-DET-FLT-TRP-B-1-PLT,FLT-TRP-B-1-PLT,AVN-DET.1-UA.ARMY.MIL,AVN-DET-FLT-TRP-B,,,AVN-DET-FLT-TRP-B-HQ,,,AFCB,Aviation Detachment Flight Troop B 1st platoon,AVN-DET-FLT-TRP-PLT,,O
247,AVN-DET-FLT-TRP-B-2-PLT,FLT-TRP-B-2-PLT,AVN-DET.1-UA.ARMY.MIL,AVN-DET-FLT-TRP-B,,,AVN-DET-FLT-TRP-B-HQ,,,AFCC,Aviation Detachment Flight Troop B 2nd Platoon,AVN-DET-FLT-TRP-PLT,,O
248,AVN-DET-FLT-TRP-B-SPT-PLT,FLT-TRP-B-SPT-PLT,AVN-DET.1-UA.ARMY.MIL,AVN-DET-FLT-TRP-B,,,AVN-DET-FLT-TRP-B-HQ,,,AFCD,Aviation Detachment Flight Troop B Support Platoon,AVN-DET-FLT-TRP-SPT-PLT,,O
249,AVN-DET-SVC-TRP,SVC-TRP,AVN-DET.1-UA.ARMY.MIL,AVN-DET,,,AVN-DET-HQ,,,AFD,Aviation Detachment Service Troop,AVN-DET-SVC-TRP,,R
250,AVN-DET-SVC-TRP-HQ,SVC-TRP-HQ,AVN-DET.1-UA.ARMY.MIL,AVN-DET-SVC-TRP,,,AVN-DET-HQ,,,AFDA,Aviation Detachment Service Troop HQ,AVN-DET-SVC-TRP-HQ,,O
251,AVN-DET-SVC-TRP-MAINT-PLT,SVC-TRP-MAINT-PLT,AVN-DET.1-UA.ARMY.MIL,AVN-DET-SVC-TRP,,,AVN-DET-SVC-TRP-HQ,,,AFDB,Aviation Detachment Service Troop Maintenance Platoon,AVN-DET-SVC-TRP-MAINT-PLT,,R
252,AVN-DET-SVC-TRP-MAINT-PLT-HQ,SVC-TRP-MAINT-PLT-HQ,AVN-DET.1-UA.ARMY.MIL,AVN-DET-SVC-TRP-MAINT-PLT,,,AVN-DET-SVC-TRP-HQ,,,AFDBA,Aviation Detachment Service Troop Maintenance Platoon HQ,AVN-DET-SVC-TRP-MAINT-PLT-HQ,,O
253,AVN-DET-SVC-TRP-ARMT-ELEC-REPAIR-SECTION,SVC-TRP-ARMT-ELEC-REPAIR-SECTION,AVN-DET.1-UA.ARMY.MIL,AVN-DET-SVC-TRP-MAINT-PLT,,,AVN-DET-SVC-TRP-MAINT-PLT-HQ,,,AFDBB,Aviation Detachment Service Troop ARMT/ELEC Repair Section,AVN-DET-SVC-TRP-ARMT-ELEC-REPAIR-SECTION,,O
254,AVN-DET-SVC-TRP-AIRCRAFT-REPAIR-SECTION,SVC-TRP-AIRCRAFT-REPAIR-SECTION,AVN-DET.1-UA.ARMY.MIL,AVN-DET-SVC-TRP-MAINT-PLT,,,AVN-DET-SVC-TRP-MAINT-PLT-HQ,,,AFDBC,Aviation Detachment Service Troop Aircraft Repair Section,AVN-DET-SVC-TRP-AIRCRAFT-REPAIR-SECTION,,O
255,AVN-DET-SVC-TRP-AIRFRAME-REPAIR-SECTION,SVC-TRP-AIRFRAME-REPAIR-SECTION,AVN-DET.1-UA.ARMY.MIL,AVN-DET-SVC-TRP-MAINT-PLT,,,AVN-DET-SVC-TRP-MAINT-PLT-HQ,,,AFDBD,Aviation Detachment Service TroopAirframe Repair Section,AVN-DET-SVC-TRP-AIRFRAME-REPAIR-SECTION,,O
256,AVN-DET-SVC-TRP-SUPPORT-PLT,SVC-TRP-SUPPORT-PLT,AVN-DET.1-UA.ARMY.MIL,AVN-DET-SVC-TRP,,,AVN-DET-SVC-TRP-HQ,,,AFDC,Aviation Detachment Service Troop Support Platoon,AVN-DET-SVC-TRP-SUPPORT-PLT,,O
257,NLOS-BN,NLOS-BN,1-UA.ARMY.MIL,UA,,,UA-HHC,,,AG,NLOS Battalion,NLOS-BN,Battalion,R
258,NLOS-BN-HHB,BN-HHB,NLOS-BN.1-UA.ARMY.MIL,NLOS-BN,,,UA-HHC,,,AGA,NLOS Battalion HQ,NLOS-BN-HHB,,R
259,NLOS-BN-BTRY-HQ,BTY-HQ,NLOS-BN.1-UA.ARMY.MIL,NLOS-BN-HHB,,,NLOS-BN-HHB,,,AGAA,NLOS Battalion Battery HQ,NLOS-BN-BTRY-HQ,,O
260,NLOS-BN-CIC,CIC,NLOS-BN.1-UA.ARMY.MIL,NLOS-BN-HHB,,,NLOS-BN-BTRY-HQ,,,AGAB,NLOS Battalion Command Integration Cell,NLOS-BN-CIC,,R
261,NLOS-BN-CIC-CMD-GRP,CIC-CMD-GRP,NLOS-BN.1-UA.ARMY.MIL,NLOS-BN-CIC,,,NLOS-BN-BTRY-HQ,,,AGABA,NLOS Battalion CIC Command Group,NLOS-BN-CIC-CMD-GRP,,O
262,NLOS-BN-CIC-STAFF-CELLS,CIC-STAFF-CELLS,NLOS-BN.1-UA.ARMY.MIL,NLOS-BN-CIC,,,NLOS-BN-CIC-CMD-GRP,,,AGABB,NLOS Battalion CIC Staff Cells,NLOS-BN-CIC-STAFF-CELLS,,O
263,NLOS-BN-NLOS-LS-PLT,NLOS-LS-PLT,NLOS-BN.1-UA.ARMY.MIL,NLOS-BN-HHB,,,NLOS-BN-BTRY-HQ,,,AGAC,NLOS Battalion Launch System Platoon,NLOS-BN-NLOS-LS-PLT,Platoon,O
264,NLOS-BN-SENSOR-PLT,SENSOR-PLT,NLOS-BN.1-UA.ARMY.MIL,NLOS-BN-HHB,,,NLOS-BN-BTRY-HQ,,,AGAD,NLOS Battalion Sensor Platoon,NLOS-BN-SENSOR-PLT,Platoon,R
265,NLOS-BN-SENSOR-PLT-HQ,SENSOR-PLT-HQ,NLOS-BN.1-UA.ARMY.MIL,NLOS-BN-SENSOR-PLT,,,NLOS-BN-BTRY-HQ,,,AGADA,NLOS Battalion Sensor Platoon HQ,NLOS-BN-SENSOR-PLT-HQ,,O
266,NLOS-BN-RADAR-SECTION,RADAR-SECTION,NLOS-BN.1-UA.ARMY.MIL,NLOS-BN-SENSOR-PLT,,,NLOS-BN-SENSOR-PLT-HQ,,,AGADB,NLOS Battalion Radar Section,NLOS-BN-RADAR-SECTION,Section,O
267,NLOS-BN-UAV-CL-III-SECTION,UAV-CL-III-SECTION,NLOS-BN.1-UA.ARMY.MIL,NLOS-BN-SENSOR-PLT,,,NLOS-BN-SENSOR-PLT-HQ,,,AGADC,NLOS Battalion UAV Class III Section,NLOS-BN-UAV-CL-III-SECTION,Section,O
268,NLOS-BN-BTY-A,BTY-A,NLOS-BN.1-UA.ARMY.MIL,NLOS-BN,,,NLOS-BN-HHB,,,AGB,NLOS Battalion Battery A,NLOS-BN-BTY,Battery,R
269,NLOS-BN-BTY-A-HQ,BTY-A-HQ,NLOS-BN.1-UA.ARMY.MIL,NLOS-BN-BTY-A,,,NLOS-BN-HHB,,,AGBA,NLOS Battalion Battery A HQ,NLOS-BN-BTY-HQ,,O
270,NLOS-BN-BTY-A-1-CANNON-PLT,BTY-A-1-CANNON-PLT,NLOS-BN.1-UA.ARMY.MIL,NLOS-BN-BTY-A,,,NLOS-BN-BTY-A-HQ,,,AGBB,NLOS Battalion Battery A 1st Cannon Platoon,NLOS-BN-CANNON-PLT,Platoon,O
271,NLOS-BN-BTY-A-2-CANNON-PLT,BTY-A-2-CANNON-PLT,NLOS-BN.1-UA.ARMY.MIL,NLOS-BN-BTY-A,,,NLOS-BN-BTY-A-HQ,,,AGBC,NLOS Battalion Battery A 2nd Cannon Platoon,NLOS-BN-CANNON-PLT,Platoon,O
272,NLOS-BN-BTY-B,BTY-B,NLOS-BN.1-UA.ARMY.MIL,NLOS-BN,,,NLOS-BN-HHB,,,AGC,NLOS Battalion Battery B,NLOS-BN-BTY,Battery,R
273,NLOS-BN-BTY-B-HQ,BTY-B-HQ,NLOS-BN.1-UA.ARMY.MIL,NLOS-BN-BTY-B,,,NLOS-BN-HHB,,,AGCA,NLOS Battalion Battery B HQ,NLOS-BN-BTY-HQ,,O
274,NLOS-BN-BTY-B-1-CANNON-PLT,BTY-B-1-CANNON-PLT,NLOS-BN.1-UA.ARMY.MIL,NLOS-BN-BTY-B,,,NLOS-BN-BTY-B-HQ,,,AGCB,NLOS Battalion Battery B 1st Cannon Platoon,NLOS-BN-CANNON-PLT,Platoon,O
275,NLOS-BN-BTY-B-2-CANNON-PLT,BTY-B-2-CANNON-PLT,NLOS-BN.1-UA.ARMY.MIL,NLOS-BN-BTY-B,,,NLOS-BN-BTY-B-HQ,,,AGCC,NLOS Battalion Battery B 2nd Cannon Platoon,NLOS-BN-CANNON-PLT,Platoon,O
276,NLOS-BN-BTY-C,BTY-C,NLOS-BN.1-UA.ARMY.MIL,NLOS-BN,,,NLOS-BN-HHB,,,AGD,NLOS Battalion Battery C,NLOS-BN-BTY,Battery,R
277,NLOS-BN-BTY-C-HQ,BTY-C-HQ,NLOS-BN.1-UA.ARMY.MIL,NLOS-BN-BTY-C,,,NLOS-BN-HHB,,,AGDA,NLOS Battalion Battery C HQ,NLOS-BN-BTY-HQ,,O
278,NLOS-BN-BTY-C-1-CANNON-PLT,BTY-C-1-CANNON-PLT,NLOS-BN.1-UA.ARMY.MIL,NLOS-BN-BTY-C,,,NLOS-BN-BTY-C-HQ,,,AGDB,NLOS Battalion Battery C 1st Cannon Platoon,NLOS-BN-CANNON-PLT,Platoon,O
279,NLOS-BN-BTY-C-2-CANNON-PLT,BTY-C-2-CANNON-PLT,NLOS-BN.1-UA.ARMY.MIL,NLOS-BN-BTY-C,,,NLOS-BN-BTY-C-HQ,,,AGDC,NLOS Battalion Battery C 2nd Cannon Platoon,NLOS-BN-CANNON-PLT,Platoon,O
280,FSB,FSB,1-UA.ARMY.MIL,UA,,,UA-HHC,,,AH,FSB,FSB,Batallion,R
281,FSB-HHC,BN-HHC,FSB.1-UA.ARMY.MIL,FSB,,,UA-HHC,,,AHA,FSB HQ,FSB-HHC,,R
282,FSB-CO-HQ,CO-HQ,FSB.1-UA.ARMY.MIL,FSB-HHC,,,FSB-HHC,,,AHAA,FSB HHC,FSB-CO-HQ,,O
283,FSB-CIC,CIC,FSB.1-UA.ARMY.MIL,FSB-HHC,,,FSB-CO-HQ,,,AHAB,FSB CIC,FSB-CIC,,O
284,FSB-DISTRO-MGT-CELL,DISTRO-MGT-CELL,FSB.1-UA.ARMY.MIL,FSB-HHC,,,FSB-CO-HQ,,,AHAC,FSB Distrib ution Management Cell,FSB-DISTRO-MGT-CELL,,O
285,FSB-STAFF-CELL,STAFF-CELL,FSB.1-UA.ARMY.MIL,FSB-HHC,,,FSB-CO-HQ,,,AHAD,FSB Staff Cell,FSB-STAFF-CELL,,O
286,FSB-MED-CO,MED-CO,FSB.1-UA.ARMY.MIL,FSB,,,FSB-HHC,,,AHB,FSB Medical Surgical Company,FSB-MED-CO,Company,R
287,FSB-MED-CO-HQ,MED-CO-HQ,FSB.1-UA.ARMY.MIL,FSB-MED-CO,,,FSB-HHC,,,AHBA,FSB Medical Surgical Company HQ,FSB-MED-CO-HQ,,O
288,FSB-TREATMENT-PLT,TREATMENT-PLT,FSB.1-UA.ARMY.MIL,FSB-MED-CO,,,FSB-MED-CO-HQ,,,AHBB,FSB Treatment Platoon,FSB-TREATMENT-PLT,Platoon,O
289,FSB-HOLDING-DET,HOLDING-DET,FSB.1-UA.ARMY.MIL,FSB-MED-CO,,,FSB-MED-CO-HQ,,,AHBC,FSB Holding Detachment,FSB-HOLDING-DET,Detachment,O
290,FSB-SURG-PLT,SURG-PLT,FSB.1-UA.ARMY.MIL,FSB-MED-CO,,,FSB-MED-CO-HQ,,,AHBD,FSB Surgical Platoon,FSB-SURG-PLT,Platoon,O
291,FSB-EVAC-PLT,EVAC-PLT,FSB.1-UA.ARMY.MIL,FSB-MED-CO,,,FSB-MED-CO-HQ,,,AHBE,FSB Evacuation Platoon,FSB-EVAC-PLT,Platoon,R
292,FSB-EVAC-PLT-HQ,EVAC-PLT-HQ,FSB.1-UA.ARMY.MIL,FSB-EVAC-PLT,,,FSB-MED-CO-HQ,,,AHBEA,FSB Evacuation Platoon HQ,FSB-EVAC-PLT-HQ,,O
293,FSB-AREA-SPT-EVAC-SECTION,AREA-SPT-EVAC-SECTION,FSB.1-UA.ARMY.MIL,FSB-EVAC-PLT,,,FSB-EVAC-PLT-HQ,,,AHBEB,FSB Area Support Evacuation Section,FSB-AREA-SPT-EVAC-SECTION,,O
294,FSB-FWD-EVAC-SECTION,FWD-EVAC-SECTION,FSB.1-UA.ARMY.MIL,FSB-EVAC-PLT,,,FSB-EVAC-PLT-HQ,,,AHBEC,FSB Forward Evacuation Section,FSB-FWD-EVAC-SECTION,,O
295,FSB-SUSTAIN-CO,SUSTAIN-CO,FSB.1-UA.ARMY.MIL,FSB,,,FSB-HHC,,,AHC,FSB Sustainment Company,FSB-SUSTAIN-CO,Company,R
296,FSB-SUSTAIN-CO-HQ,SUSTAIN-CO-HQ,FSB.1-UA.ARMY.MIL,FSB-SUSTAIN-CO,,,FSB-HHC,,,AHCA,FSB Sustainment Company HQ,FSB-SUSTAIN-CO-HQ,,O
297,FSB-MAINT-PLT,MAINT-PLT,FSB.1-UA.ARMY.MIL,FSB-SUSTAIN-CO,,,FSB-SUSTAIN-CO-HQ,,,AHCB,FSB Maintenance Platoon,FSB-MAINT-PLT,Platoon,O
298,FSB-DISTRO-PLT,DISTRO-PLT,FSB.1-UA.ARMY.MIL,FSB-SUSTAIN-CO,,,FSB-SUSTAIN-CO-HQ,,,AHCC,FSB Distribution Platoon,FSB-DISTRO-PLT,Platoon,R
299,FSB-DISTRO-PLT-HQ,DISTRO-PLT-HQ,FSB.1-UA.ARMY.MIL,FSB-DISTRO-PLT,,,FSB-SUSTAIN-CO-HQ,,,AHCCA,FSB Distribution Platoon HQ,FSB-DISTRO-PLT-HQ,,O
300,FSB-UAV-SUSTAIN-MAINT-SECTION,UAV-SUSTAIN-MAINT-SECTION,FSB.1-UA.ARMY.MIL,FSB-DISTRO-PLT,,,FSB-DISTRO-PLT-HQ,,,AHCCB,FSB Distribution Platoon UAV Sustainment/Maintenance Section,FSB-UAV-SUSTAIN-MAINT-SECTION,,O
301,FSB-FUEL-WATER-SECTION,FUEL-WATER-SECTION,FSB.1-UA.ARMY.MIL,FSB-DISTRO-PLT,,,FSB-DISTRO-PLT-HQ,,,AHCCC,FSB Distribution Platoon Fuel/Water Section,FSB-FUEL-WATER-SECTION,,O
302,FSB-DRY-CARGO-SECTION,DRY-CARGO-SECTION,FSB.1-UA.ARMY.MIL,FSB-DISTRO-PLT,,,FSB-DISTRO-PLT-HQ,,,AHCCD,FSB Distribution Platoon Dry Cargo Section,FSB-DRY-CARGO-SECTION,,O
